batch_size,target_input_tokens,rank,engine,cpu_cores,target_output_tokens,gpu_memory_utilization,measurements,experiments,walltime_sec,requests_per_sec,input_tokens_per_sec,output_tokens_per_sec,total_tokens_per_sec,gpu_util_avg,gpu_util_max,gpu_memory_avg_mb,gpu_memory_max_mb,gpu_power_avg_w,fairshare_cost,fairshare_cost_per_1k,previous_batch,previous_fs_per_1k,fs_improvement_percent,throughput_improvement_percent
1,128,184,vllm,1,256,,3,initial,1.409352792892605,0.7095455481714873,,181.64366033190075,282.39912817225195,100.0,100.0,,86727.0,377.8566666666667,43.68993657967076,170.6638147643389,,,,
4,128,122,vllm,1,256,,3,initial,1.428395370952785,2.8003451154646863,,716.8883495589597,1114.537355954945,85.71428571428571,100.0,,86729.0,348.5414285714286,44.280256499536335,43.24243798782845,1.0,170.6638147643389,74.66221058779227,294.66742095433204
8,128,94,vllm,1,256,,3,initial,1.448256797157228,5.523882239464118,,1414.1138533028145,2198.5051313067192,95.28571428571428,100.0,,86729.0,350.8314285714286,44.89596071187407,21.92185581634476,4.0,43.24243798782845,49.304764401777824,97.25719551347127
16,128,75,vllm,1,256,,3,initial,1.4727150611579418,10.86428761543308,,2781.257629550869,4328.060578798154,84.57142857142857,100.0,,86729.0,363.9628571428572,45.654166895896196,11.146036839818407,8.0,21.92185581634476,49.15559643673958,96.67847981652564
32,128,46,vllm,1,256,0.9,3,initial,1.5362324388697743,20.830181156402872,1873.23519219748,5332.526376039135,8304.73284979337,97.57142857142856,100.0,85189.0,86729.0,367.9542857142857,47.623205604963005,5.8133795904495855,16.0,11.146036839818407,47.84352793737673,91.7307594730179
48,128,43,vllm,1,256,0.9,3,vllm_memory_search,2.275156868621707,21.09744636161218,2679.375687924747,5400.946268572719,8080.321956497466,93.4,100.0,85569.0,85571.0,417.388,70.52986292727292,5.739734938742913,32.0,5.8133795904495855,1.2668130570324077,1.2830671188241665
64,128,33,vllm,1,256,0.95,3,vllm_memory_search,2.30523076094687,27.762947243386645,3525.894299910104,7107.314494306981,10633.208794217086,93.0,100.0,90811.0,90813.0,462.053,71.46215358935297,4.361703710287657,48.0,5.739734938742913,24.008621359039026,31.593875237444173
96,128,21,vllm,1,256,0.9,3,vllm_memory_search,2.4864655137062077,38.60902130788332,4903.345706101181,9883.90945481813,14787.25516091931,95.54545454545456,100.0,86827.0,86827.0,483.0990909090909,77.08043092489244,3.136410763545428,64.0,4.361703710287657,28.092072000494046,39.066724326540275
128,128,13,vllm,1,256,0.9,6,"batch_search,vllm_memory_search",2.5249259900301695,50.70826311794167,6296.194688608597,12981.315358193067,18987.736738087344,87.875,100.0,87355.0,87517.0,465.6089772727273,78.27270569093525,2.3886934109782487,96.0,3.136410763545428,23.839905195388138,31.33786198198163
160,128,9,vllm,1,256,0.9,3,batch_search,2.624598760157824,60.96169914763612,,15606.194981794846,,94.41666666666669,100.0,87726.83333333333,87727.0,384.0133333333333,81.36256156489254,1.9863906632053845,128.0,2.3886934109782487,16.84195828246154,20.220444162810544
192,128,8,vllm,1,256,0.9,3,batch_search,3.1251267604529858,61.43750788917429,,15728.00201962862,,96.5,100.0,87517.0,87517.0,390.0835714285714,96.87892957404256,1.9710068679614778,160.0,1.9863906632053845,0.7744597036658559,0.7805043956958524
256,128,4,vllm,1,256,0.9,3,batch_search,3.5787712214514613,71.5329324393563,,18312.430704475213,,98.5625,100.0,87653.0,87653.0,393.42875,110.9419078649953,1.692839170303273,192.0,1.9710068679614778,14.112974550205445,16.432021572868656
320,128,2,vllm,1,256,0.9,8,"batch_search,final_search",4.12416749028489,77.59144201557666,,19863.409155987625,,95.84210526315789,100.0,87603.0,87921.0,388.0726315789474,127.84919219883159,1.5606590844583934,256.0,1.692839170303273,7.808189234019171,8.469538951666216
384,128,3,vllm,1,256,0.9,5,final_search,4.984022967517376,77.04619390854788,,19723.825640588257,,97.4090909090909,100.0,87703.0,87703.0,392.1463636363636,154.50471199303865,1.5717032063093939,320.0,1.5606590844583934,-0.7076575506452246,-0.7027168111134258
448,128,6,vllm,1,256,0.9,5,final_search,7.017761515453458,63.8380200030283,,16342.533120775244,,95.36666666666666,100.0,88029.0,88029.0,385.6473333333333,217.5506069790572,1.8968907556070138,384.0,1.5717032063093939,-20.690137170440178,-17.143188047935748
512,128,1,vllm,1,256,0.9,5,final_search,6.255144448019564,81.8526261471234,,20954.27229366359,,96.5,100.0,88205.0,88205.0,393.3885714285714,193.9094778886065,1.4794119101608771,448.0,1.8968907556070138,22.008586641698376,28.21924323975045
1,512,183,vllm,1,256,,3,initial,1.4053790937177837,0.7115517830527879,,182.1572564615137,556.4334943472801,100.0,100.0,,86729.0,380.21,43.566751905251294,170.18262462988787,,,,
4,512,124,vllm,1,256,,3,initial,1.443127437029034,2.771757987108054,,709.5700446996618,2167.514745918498,96.14285714285714,100.0,,86729.0,357.76714285714286,44.73695054790005,43.68842826943364,1.0,170.18262462988787,74.32850247523977,289.53707279269446
8,512,95,vllm,1,256,,3,initial,1.4822847708128393,5.397073597142232,,1381.6508408684117,4220.511552965226,85.71428571428571,100.0,,86729.0,360.2442857142857,45.95082789519802,22.436927683202157,4.0,43.68842826943364,48.64331684163602,94.7166246925235
16,512,76,vllm,1,256,,3,initial,1.5273189479485154,10.475873439199516,,2681.823600435076,8196.061481993722,90.0,100.0,,86729.0,374.4742857142857,47.34688738640398,11.559298678321284,8.0,22.436927683202157,48.4809201975751,94.10284574860202
32,512,50,vllm,1,256,0.9,3,initial,1.6488653919659555,19.407284643075773,7166.69648100456,4968.264868627398,15189.839099077368,87.5,100.0,87307.0,87911.0,357.295,51.11482715094462,6.2396029236992945,16.0,11.559298678321284,46.02092136090171,85.25695977249917
48,512,47,vllm,1,256,0.85,3,vllm_memory_search,2.422171127051115,19.816931786499268,10126.452142901126,5073.134537343813,15199.586680244938,97.0,100.0,82769.0,82769.0,417.9236363636364,75.08730493858457,6.110620519090541,32.0,6.2396029236992945,2.067157256415334,2.110790617839734
64,512,37,vllm,1,256,0.9,3,vllm_memory_search,2.5506304800510406,25.091835332697546,12821.927855008444,6423.509845170572,19245.437700179016,95.08333333333331,100.0,87501.0,87501.0,467.3325,79.06954488158226,4.826022026463761,48.0,6.110620519090541,21.022390256660383,26.618164724127098
96,512,26,vllm,1,256,0.9,3,vllm_memory_search,2.8364862352609634,33.844690944240654,17294.637072506976,8664.240881725607,25958.877954232583,88.38461538461539,100.0,87595.0,87595.0,472.5092307692308,87.93107329308987,3.577924531782628,64.0,4.826022026463761,25.86182756392575,34.883281734824436
128,512,18,vllm,1,256,0.9,6,"batch_search,vllm_memory_search",2.974727753084153,43.04942063829408,21358.11187772498,11020.651683403285,32058.066164804422,87.14835164835165,100.0,87662.0,87663.0,461.71653846153845,92.21656034560874,2.8142260847658918,96.0,3.577924531782628,21.344733245008918,27.19696778800042
160,512,14,vllm,1,256,0.9,3,batch_search,3.1938640233129263,50.09605882783809,,12824.591059926552,,89.28571428571429,100.0,87745.0,87745.0,375.6071428571429,99.00978472270072,2.4172310723315604,128.0,2.8142260847658918,14.106720656999252,16.368717824917166
192,512,15,vllm,1,256,0.9,3,batch_search,3.865470167249441,49.67054244183231,,12715.658865109071,,87.82352941176471,100.0,87513.0,87513.0,376.6894117647059,119.82957518473268,2.4379389482570937,160.0,2.4172310723315604,-0.8566775498860063,-0.849400922871252
256,512,11,vllm,1,256,0.9,3,batch_search,4.303761225193739,59.48285385848186,,15227.610587771356,,97.9,100.0,87173.0,87173.0,386.174,133.4165979810059,2.0357757260285325,192.0,2.4379389482570937,16.496033361133655,19.75479013167705
320,512,7,vllm,1,256,0.9,8,"batch_search,final_search",5.069366114679724,63.12429770441468,,16159.820212330156,,95.58695652173913,100.0,87329.0,88511.0,393.06652173913045,157.15034955507144,1.9183392279671807,256.0,2.0357757260285325,5.768636326676875,6.121837823377344
384,512,5,vllm,1,256,0.9,5,final_search,5.97109333705157,64.30983043209521,,16463.316590616374,,96.74074074074076,100.0,88139.0,88139.0,390.8022222222222,185.10389344859868,1.882974176519762,320.0,1.9183392279671807,1.8435243846258702,1.8780925424816672
448,512,12,vllm,1,256,0.9,5,final_search,7.740330341272056,57.878666703826376,,14816.938676179552,,98.6470588235294,100.0,87409.0,87409.0,397.03617647058826,239.95024057943374,2.092200060855833,384.0,1.882974176519762,-11.111457976698118,-10.000280960248379
512,512,10,vllm,1,256,0.9,5,final_search,8.40804195497185,60.89408244415856,,15588.885105704592,,89.71428571428571,100.0,88543.0,88543.0,379.52885714285713,260.64930060412735,1.9885963486032665,448.0,2.092200060855833,4.951902745389767,5.20989150590236
1,2048,185,vllm,1,256,,3,initial,1.4172626100480556,0.7055855371546792,,180.62989751159787,1635.5472751245463,97.33333333333331,100.0,,86729.0,378.53,43.935140911489725,171.62164418550674,,,,
4,2048,125,vllm,1,256,,3,initial,1.49483989411965,2.6758718547284315,,685.0231948104785,6202.670959260504,83.28571428571429,100.0,,86729.0,353.8314285714286,46.34003671770915,45.25394210713784,1.0,171.62164418550674,73.63156475868358,279.2413128986549
8,2048,98,vllm,1,256,,3,initial,1.5732069090008736,5.0851543774879,,1301.7995206369023,11787.387847016951,90.71428571428572,100.0,,87773.0,378.5142857142857,48.76941417902708,23.813190517103067,4.0,45.25394210713784,47.37874888175312,90.03729078065217
16,2048,80,vllm,1,256,,3,initial,1.740618331823498,9.192135752837991,,2353.186752726526,21310.81772598578,90.625,100.0,,87913.0,369.68375,53.95916828652844,13.173625069953232,8.0,23.813190517103067,44.67929418995033,80.76414343548343
32,2048,56,vllm,1,256,0.9,3,initial,2.0841777161695063,15.353777056407909,29825.2900167913,3930.5669264404246,35600.61093847981,80.1,100.0,87307.0,87913.0,352.496,64.6095092012547,7.886902978668786,16.0,13.173625069953232,40.1311109372814,67.03166129446646
48,2048,55,vllm,1,256,0.9,3,vllm_memory_search,3.104260252788663,15.462621072727378,31651.985335872945,3958.430994618209,35610.41633049116,95.57142857142856,100.0,87523.0,87523.0,440.5635714285714,96.23206783644855,7.831385728877649,32.0,7.886902978668786,0.7039169866966943,0.7089071042232152
64,2048,51,vllm,1,256,0.95,3,vllm_memory_search,3.3190811201930046,19.282445255896125,39471.16543881937,4936.305985509408,44407.47142432877,98.26666666666668,100.0,92369.0,92369.0,479.896,102.89151472598314,6.279999678099557,48.0,7.831385728877649,19.809853638768832,24.70360080094096
96,2048,40,vllm,1,256,0.85,3,vllm_memory_search,3.955048523843288,24.27277425833267,49686.36890680698,6213.830210133164,55900.199116940144,99.88235294117646,100.0,82945.0,82945.0,527.8576470588235,122.60650423914193,4.988871429001543,64.0,6.279999678099557,20.559368077686475,25.880166836779267
128,2048,31,vllm,1,256,0.9,6,"batch_search,vllm_memory_search",4.363964327611029,29.39933245413877,57015.696692668425,7526.229108259525,64146.14044123858,96.16666666666666,100.0,87698.0,87699.0,475.60430263157895,135.2828941559419,4.128506291380063,96.0,4.988871429001543,17.245686722250746,21.120610859082937
160,2048,30,vllm,1,256,0.9,3,batch_search,4.864661380648613,32.89026460021909,,8419.907737656087,,95.45454545454544,100.0,87781.0,87781.0,390.7459090909091,150.804502800107,3.6817505566432374,128.0,4.128506291380063,10.821243888367327,11.874188475285862
192,2048,29,vllm,1,256,0.9,3,batch_search,5.807667030021548,33.05974653978873,,8463.295114185916,,99.42307692307692,100.0,87517.0,87517.0,396.50307692307695,180.037677930668,3.6628759344618325,160.0,3.6817505566432374,0.512653475324343,0.5152951538386644
256,2048,25,vllm,1,256,0.9,3,batch_search,7.279728936031461,35.166144543227766,,9002.533003066308,,99.5,100.0,87653.0,87653.0,396.7815625,225.67159701697528,3.44347529627953,192.0,3.6628759344618325,5.989846287669522,6.371488664935461
320,2048,24,vllm,1,256,0.9,3,batch_search,8.924517907202244,35.85627854942779,,9179.207308653517,,99.71794871794872,100.0,87809.0,87809.0,398.0805128205128,276.66005512326956,3.377197938516474,256.0,3.44347529627953,1.9247229052191757,1.962495505731912
