rank,engine,cpu_cores,batch_size,target_input_tokens,target_output_tokens,gpu_memory_utilization,measurements,experiments,walltime_sec,requests_per_sec,input_tokens_per_sec,output_tokens_per_sec,total_tokens_per_sec,gpu_util_avg,gpu_util_max,gpu_memory_avg_mb,gpu_memory_max_mb,gpu_power_avg_w,fairshare_cost,fairshare_cost_per_1k
46,vllm,1,32,128,256,,3,initial,1.5362324388697743,20.830181156402872,,5332.526376039135,8304.73284979337,97.57142857142856,100.0,,86729.0,367.9542857142857,47.623205604963005,5.8133795904495855
59,vllm,1,32,128,256,0.9,3,vllm_memory_search,2.1695086751133204,14.74988340312976,1873.23519219748,3775.970151201219,5649.2053433986985,88.77777777777777,100.0,85189.0,85189.0,386.87555555555554,67.25476892851293,8.209810660218864
60,vllm,1,32,128,256,0.85,3,vllm_memory_search,2.18016791716218,14.677768509525112,1864.0766007096893,3757.5087384384287,5621.585339148119,100.0,100.0,80461.0,80463.0,406.014,67.58520543202758,8.250147147464304
61,vllm,1,32,128,256,0.95,3,vllm_memory_search,2.1843603663146496,14.649597426082629,1860.498873112494,3750.296941077153,5610.795814189647,85.8,100.0,89949.0,89949.0,383.227,67.71517135575414,8.266012128387956
92,transformers,1,32,128,256,,3,initial,5.472496246919036,5.847422922951423,,1496.9402682755642,2331.294426594196,75.16666666666667,98.0,,16587.0,282.13666666666666,169.6473836544901,20.708909137511
63,vllm,2,32,128,256,,3,initial,2.133545871824026,14.99850573760682,,3839.617468827346,5979.716756262119,90.0,100.0,,86731.0,391.248,68.27346789836884,8.334163561812602
89,transformers,2,32,128,256,,3,initial,5.037674471735954,6.3521373164417625,,1626.1471530090912,2532.517746348876,89.5909090909091,100.0,,16589.0,347.84909090909093,161.20558309555054,19.67841590521857
68,vllm,4,32,128,256,,3,initial,2.142082868143916,14.938731118151155,,3824.315166246696,5955.885362667889,90.0,100.0,,86731.0,402.271,72.83081751689315,8.89048065391762
91,transformers,4,32,128,256,,3,initial,4.8571512419730425,6.588223920942012,,1686.585323761155,2626.642524480568,93.8181818181818,98.0,,16589.0,366.6122727272728,165.14314222708344,20.159074978892022
54,vllm,8,32,128,256,,3,initial,1.5418160720728338,20.754745380866904,,5313.214817501927,8274.657549034373,85.71428571428571,100.0,,86729.0,369.1742857142857,58.58901073876768,7.151978849947227
96,transformers,8,32,128,256,,3,initial,4.92033370770514,6.5036239208508695,,1664.9277237378226,2592.913561944231,95.8181818181818,99.0,,16589.0,359.99227272727273,186.97268089279532,22.823813585546304
77,vllm,16,32,128,256,,3,initial,2.132067369297147,15.008906594986753,,3842.280088316608,5983.86344808878,94.7,100.0,,86731.0,390.157,98.07509898766875,11.972057981893158
103,transformers,16,32,128,256,,3,initial,4.900284629315138,6.530232919240103,,1671.7396273254665,2603.5222369895387,93.4090909090909,98.0,,16589.0,353.7559090909091,225.41309294849634,27.516246697814495
50,vllm,1,32,512,256,,3,initial,1.6488653919659555,19.407284643075773,,4968.264868627398,15189.839099077368,87.5,100.0,,87911.0,357.295,51.11482715094462,6.2396029236992945
64,vllm,1,32,512,256,0.9,3,vllm_memory_search,2.281664926558733,14.024846342474678,7166.69648100456,3590.3606636735176,10757.057144678078,95.5,100.0,87307.0,87307.0,407.254,70.73161272332072,8.634230068764737
65,vllm,1,32,512,256,0.85,3,vllm_memory_search,2.2958748377859592,13.93804203667278,7122.339480739791,3568.138761388232,10690.478242128022,92.5,100.0,82395.0,82395.0,404.148,71.17211997136474,8.688002926191984
66,vllm,1,32,512,256,0.95,3,vllm_memory_search,2.3134568240493536,13.83211463786425,7068.210579948631,3541.021347293248,10609.23192724188,91.4,100.0,92067.0,92069.0,400.351,71.71716154552996,8.754536321475825
100,transformers,1,32,512,256,,3,initial,6.552919195964932,4.883319791232055,,1250.129866555406,3822.1133590999393,94.56666666666666,100.0,,19209.0,373.6666666666667,203.1404950749129,24.79742371519933
67,vllm,2,32,512,256,,3,initial,2.2555696554481983,14.18710343203361,,3631.898478600604,11104.068517459806,93.9,100.0,,87913.0,407.238,72.17822897434235,8.810818966594525
104,transformers,2,32,512,256,,3,initial,7.077448545023799,4.52140341203885,,1157.4792734819457,3538.8459330601577,94.8125,100.0,,19211.0,407.323125,226.47835344076157,27.646283378999215
69,vllm,4,32,512,256,,3,initial,2.2421481981873512,14.272027168351393,,3653.638955097957,11170.53726432903,94.0909090909091,100.0,,87913.0,397.1481818181818,76.23303873836994,9.305790861617425
105,transformers,4,32,512,256,,3,initial,7.168348912149668,4.464068419683514,,1142.8015154389795,3493.97055123104,94.03125,100.0,,19211.0,420.83,243.7238630130887,29.75144812171493
71,vllm,8,32,512,256,,3,initial,2.236486153677106,14.308159228881156,,3662.888762593576,11198.81737645492,92.4,100.0,,87913.0,402.947,84.98647383973002,10.374325419888919
106,transformers,8,32,512,256,,3,initial,6.571256658062339,4.869692612103179,,1246.641308698414,3811.4475363355073,95.0,100.0,,19209.0,365.09866666666665,249.70775300636888,30.481903443160263
79,vllm,16,32,512,256,,3,initial,2.2542345374822617,14.195506043368749,,3634.0495471024,11110.645136319175,82.54545454545455,100.0,,87913.0,374.1518181818182,103.69478872418404,12.658055264182622
118,transformers,16,32,512,256,,3,initial,7.173071783035994,4.461129202091442,,1142.0490757354091,3491.6700623619454,94.9375,100.0,,19211.0,421.3875,329.9613020196557,40.27847925044625
56,vllm,1,32,2048,256,,3,initial,2.0841777161695063,15.353777056407909,,3930.5669264404246,35600.61093847981,80.1,100.0,,87913.0,352.496,64.6095092012547,7.886902978668786
62,vllm,1,32,2048,256,0.9,3,vllm_memory_search,2.196256933733821,14.570244268095408,29825.2900167913,3729.982532632424,33555.272549423724,76.6,100.0,87307.0,87307.0,352.159,68.08396494574845,8.311030877166559
70,vllm,1,32,2048,256,0.85,3,vllm_memory_search,2.733256300911308,11.707647025026793,23965.553460229843,2997.1576384068585,26962.7110986367,97.83333333333331,100.0,82731.0,82731.0,431.88,84.73094532825054,10.343132974639959
72,vllm,1,32,2048,256,0.95,3,vllm_memory_search,2.786901568993926,11.482285688170906,23504.238803685847,2939.465136171752,26443.7039398576,95.08333333333331,100.0,92253.0,92253.0,430.6625,86.39394863881171,10.546136308448695
143,transformers,1,32,2048,256,,3,initial,16.78317707311362,1.906671177965672,,488.107821559212,4420.974626959278,98.64864864864865,100.0,,32027.0,393.2590666666667,520.2784892665222,63.510557771792264
73,vllm,2,32,2048,256,,3,initial,2.725058076903224,11.742868994691312,,3006.174462640976,27228.04355212831,91.76923076923076,100.0,,87915.0,420.4684615384616,87.20185846090317,10.644758112903219
142,transformers,2,32,2048,256,,3,initial,16.25234456732869,1.968946687503049,,504.05035200078055,4565.372072479726,96.83333333333331,100.0,,32029.0,510.5802777777778,520.0750261545181,63.4857209661277
74,vllm,4,32,2048,256,,3,initial,2.6697280928492546,11.98623937984941,,3068.477281241449,27792.34342206458,92.07692307692308,100.0,,87915.0,413.5846153846154,90.77075515687466,11.080414447860676
148,transformers,4,32,2048,256,,3,initial,16.360985258594155,1.9558724303104504,,500.70334215947526,4535.056955755462,97.76712328767124,100.0,,32029.0,529.787397260274,556.2734987922013,67.90447983303238
78,vllm,8,32,2048,256,,3,initial,2.636876534670592,12.135570088038865,,3106.705942537949,28138.59466850961,82.76923076923077,100.0,,87915.0,399.2592307692308,100.20130831748249,12.231605019223936
157,transformers,8,32,2048,256,,3,initial,16.755011901725084,1.909876291804084,,488.9283307018456,4428.4062843524825,97.89189189189187,100.0,,32027.0,393.1010810810811,636.6904522655532,77.72100247382241
82,vllm,16,32,2048,256,,3,initial,2.62206706404686,12.20411195380017,,3124.252660172844,28297.52183587704,84.84615384615384,100.0,,87915.0,394.22769230769234,120.61508494615556,14.723521111591255
168,transformers,16,32,2048,256,,3,initial,16.33401083946228,1.9591024099659191,,501.5302169512753,4542.546269207853,97.68493150684932,100.0,,32029.0,528.8220833333334,751.3644986152649,91.7192991473712
