rank,engine,model,cpu_cores,batch_size,target_input_tokens,target_output_tokens,walltime_sec,requests_per_sec,output_tokens_per_sec,total_tokens_per_sec,fairshare_cost,fairshare_cost_per_1k,gpu_util_avg,gpu_util_max,gpu_memory_max_mb,gpu_power_avg_w
1,vllm,Qwen/Qwen2.5-7B-Instruct,1,32,128,256,1.5362324388697743,20.830181156402872,5332.526376039135,8304.73284979337,47.623205604963005,5.8133795904495855,97.57142857142856,100.0,86729.0,367.9542857142857
2,vllm,Qwen/Qwen2.5-7B-Instruct,1,32,512,256,1.6488653919659555,19.407284643075773,4968.264868627398,15189.839099077368,51.11482715094462,6.239602923699295,87.5,100.0,87911.0,357.295
3,vllm,Qwen/Qwen2.5-7B-Instruct,8,32,128,256,1.5418160720728338,20.754745380866904,5313.214817501927,8274.657549034373,58.58901073876768,7.151978849947227,85.71428571428571,100.0,86729.0,369.1742857142857
4,vllm,Qwen/Qwen2.5-7B-Instruct,1,32,2048,256,2.0841777161695063,15.353777056407909,3930.5669264404246,35600.61093847981,64.6095092012547,7.886902978668786,80.1,100.0,87913.0,352.496
5,vllm,Qwen/Qwen2.5-7B-Instruct,2,32,128,256,2.133545871824026,14.99850573760682,3839.617468827346,5979.716756262119,68.27346789836884,8.334163561812602,90.0,100.0,86731.0,391.248
6,vllm,Qwen/Qwen2.5-7B-Instruct,2,32,512,256,2.2555696554481983,14.18710343203361,3631.898478600604,11104.068517459806,72.17822897434235,8.810818966594525,93.9,100.0,87913.0,407.238
7,vllm,Qwen/Qwen2.5-7B-Instruct,4,32,128,256,2.142082868143916,14.938731118151155,3824.315166246696,5955.885362667889,72.83081751689315,8.89048065391762,90.0,100.0,86731.0,402.271
8,vllm,Qwen/Qwen2.5-7B-Instruct,4,32,512,256,2.2421481981873512,14.272027168351393,3653.638955097957,11170.53726432903,76.23303873836994,9.305790861617425,94.0909090909091,100.0,87913.0,397.1481818181818
9,vllm,Qwen/Qwen2.5-7B-Instruct,8,32,512,256,2.236486153677106,14.308159228881156,3662.888762593576,11198.81737645492,84.98647383973002,10.37432541988892,92.4,100.0,87913.0,402.947
10,vllm,Qwen/Qwen2.5-7B-Instruct,2,32,2048,256,2.725058076903224,11.742868994691312,3006.174462640976,27228.04355212831,87.20185846090317,10.64475811290322,91.76923076923076,100.0,87915.0,420.4684615384616
11,vllm,Qwen/Qwen2.5-7B-Instruct,4,32,2048,256,2.6697280928492546,11.98623937984941,3068.477281241449,27792.34342206458,90.77075515687466,11.080414447860676,92.07692307692308,100.0,87915.0,413.5846153846154
12,vllm,Qwen/Qwen2.5-7B-Instruct,1,16,128,256,1.4727150611579418,10.86428761543308,2781.257629550869,4328.060578798154,45.6541668958962,11.146036839818407,84.57142857142857,100.0,86729.0,363.9628571428572
13,vllm,Qwen/Qwen2.5-7B-Instruct,1,16,512,256,1.5273189479485154,10.475873439199516,2681.823600435076,8196.061481993722,47.34688738640398,11.559298678321284,90.0,100.0,86729.0,374.4742857142857
14,vllm,Qwen/Qwen2.5-7B-Instruct,16,32,128,256,2.132067369297147,15.008906594986753,3842.280088316608,5983.86344808878,98.07509898766877,11.972057981893158,94.7,100.0,86731.0,390.157
15,vllm,Qwen/Qwen2.5-7B-Instruct,8,32,2048,256,2.636876534670592,12.135570088038865,3106.705942537949,28138.59466850961,100.20130831748249,12.231605019223936,82.76923076923077,100.0,87915.0,399.2592307692308
16,vllm,Qwen/Qwen2.5-7B-Instruct,16,32,512,256,2.2542345374822617,14.195506043368749,3634.0495471024,11110.645136319175,103.69478872418404,12.658055264182622,82.54545454545455,100.0,87913.0,374.1518181818182
17,vllm,Qwen/Qwen2.5-7B-Instruct,1,16,2048,256,1.740618331823498,9.192135752837991,2353.186752726526,21310.81772598578,53.95916828652844,13.173625069953232,90.625,100.0,87913.0,369.68375
18,vllm,Qwen/Qwen2.5-7B-Instruct,8,16,128,256,1.4649362182244658,10.921977217132596,2796.026167585944,4351.042673875198,55.6675762925297,13.590716868293384,88.85714285714286,100.0,86729.0,366.6357142857143
19,vllm,Qwen/Qwen2.5-7B-Instruct,16,32,2048,256,2.62206706404686,12.20411195380017,3124.252660172844,28297.52183587704,120.61508494615556,14.723521111591252,84.84615384615384,100.0,87915.0,394.22769230769234
20,vllm,Qwen/Qwen2.5-7B-Instruct,2,16,128,256,2.0578294545412064,7.775182712392074,1990.446774372371,3097.4384130491926,65.8505425453186,16.076792613603175,98.0,100.0,86731.0,380.0788888888889
21,vllm,Qwen/Qwen2.5-7B-Instruct,2,16,512,256,2.125817034393549,7.526517918116347,1926.7885870377847,5888.559456186276,68.02614510059357,16.6079455811996,90.0,100.0,86731.0,370.147
22,vllm,Qwen/Qwen2.5-7B-Instruct,4,16,128,256,2.066649977117777,7.741998005058488,1981.951489294973,3084.218455265176,70.26609922200441,17.15480938037217,98.11111111111111,100.0,86731.0,392.7411111111112
23,vllm,Qwen/Qwen2.5-7B-Instruct,4,16,512,256,2.1303040366619825,7.510665015248589,1922.730243903639,5876.156541305115,72.4303372465074,17.683187804323097,93.2,100.0,86731.0,379.447
24,vllm,Qwen/Qwen2.5-7B-Instruct,2,16,2048,256,2.355299171060324,6.793192218038703,1739.057207817908,15749.16700849548,75.36957347393036,18.40077477390878,87.0,100.0,87915.0,374.9790909090909
25,vllm,Qwen/Qwen2.5-7B-Instruct,4,16,2048,256,2.3324202187359333,6.859827346493884,1756.1158007024342,15903.652224427757,79.30228743702173,19.36091001880413,90.9090909090909,100.0,87915.0,391.2836363636364
26,transformers,Qwen/Qwen2.5-7B-Instruct,2,32,128,256,5.037674471735954,6.3521373164417625,1626.1471530090912,2532.517746348876,161.20558309555054,19.67841590521857,89.5909090909091,100.0,16589.0,347.84909090909093
27,vllm,Qwen/Qwen2.5-7B-Instruct,8,16,512,256,2.125454993918538,7.527799951436294,1927.1167875676915,5889.5624870049705,80.76728976890445,19.71857660373644,90.0,100.0,86731.0,366.494
28,transformers,Qwen/Qwen2.5-7B-Instruct,4,32,128,256,4.8571512419730425,6.588223920942012,1686.585323761155,2626.642524480568,165.14314222708344,20.159074978892026,93.8181818181818,98.0,16589.0,366.6122727272728
29,transformers,Qwen/Qwen2.5-7B-Instruct,1,32,128,256,5.472496246919036,5.847422922951423,1496.9402682755642,2331.294426594196,169.6473836544901,20.708909137511,75.16666666666667,98.0,16587.0,282.13666666666666
30,vllm,Qwen/Qwen2.5-7B-Instruct,8,16,2048,256,2.327136153355241,6.875403476900725,1760.1032900865855,15939.763535759716,88.43117382749915,21.589642047729285,91.1818181818182,100.0,87915.0,376.7763636363636
31,vllm,Qwen/Qwen2.5-7B-Instruct,1,8,128,256,1.448256797157228,5.523882239464118,1414.1138533028145,2198.5051313067192,44.89596071187407,21.92185581634476,95.28571428571428,100.0,86729.0,350.8314285714286
32,vllm,Qwen/Qwen2.5-7B-Instruct,1,8,512,256,1.4822847708128393,5.397073597142232,1381.6508408684117,4220.511552965226,45.95082789519802,22.43692768320216,85.71428571428571,100.0,86729.0,360.2442857142857
33,transformers,Qwen/Qwen2.5-7B-Instruct,8,32,128,256,4.92033370770514,6.5036239208508695,1664.9277237378226,2592.913561944231,186.97268089279527,22.823813585546304,95.8181818181818,99.0,16589.0,359.99227272727273
34,vllm,Qwen/Qwen2.5-7B-Instruct,16,16,128,256,2.067573819309473,7.738538692342153,1981.065905239591,3082.840351561805,95.10839568823576,23.219823166073184,98.77777777777776,100.0,86731.0,381.4877777777778
35,vllm,Qwen/Qwen2.5-7B-Instruct,1,8,2048,256,1.5732069090008736,5.0851543774879,1301.7995206369023,11787.387847016951,48.76941417902708,23.813190517103067,90.71428571428572,100.0,87773.0,378.5142857142857
36,vllm,Qwen/Qwen2.5-7B-Instruct,16,16,512,256,2.1275598127394915,7.520352614386929,1925.2102692830535,5883.735876680974,97.8677513860166,23.89349399072671,90.0,100.0,86731.0,366.686
37,transformers,Qwen/Qwen2.5-7B-Instruct,1,32,512,256,6.552919195964932,4.883319791232055,1250.129866555406,3822.1133590999393,203.1404950749129,24.79742371519933,94.56666666666666,100.0,19209.0,373.6666666666667
38,vllm,Qwen/Qwen2.5-7B-Instruct,16,16,2048,256,2.3257269654423,6.879569372390696,1761.1697593320182,15949.42164371628,106.9834404103458,26.11900400643208,90.72727272727272,100.0,87915.0,378.78090909090906
39,vllm,Qwen/Qwen2.5-7B-Instruct,8,8,128,256,1.4493630919605494,5.519665875566365,1413.0344641449894,2196.8270184754133,55.07579749450088,26.89247924536176,87.14285714285714,100.0,86729.0,359.2128571428572
40,transformers,Qwen/Qwen2.5-7B-Instruct,16,32,128,256,4.900284629315138,6.530232919240103,1671.7396273254665,2603.5222369895387,225.41309294849637,27.51624669781449,93.4090909090909,98.0,16589.0,353.7559090909091
41,transformers,Qwen/Qwen2.5-7B-Instruct,2,32,512,256,7.077448545023799,4.52140341203885,1157.4792734819457,3538.8459330601577,226.4783534407616,27.64628337899921,94.8125,100.0,19211.0,407.323125
42,transformers,Qwen/Qwen2.5-7B-Instruct,4,32,512,256,7.168348912149668,4.464068419683514,1142.8015154389795,3493.97055123104,243.7238630130887,29.75144812171493,94.03125,100.0,19211.0,420.83
43,transformers,Qwen/Qwen2.5-7B-Instruct,8,32,512,256,6.571256658062339,4.869692612103179,1246.641308698414,3811.4475363355073,249.70775300636888,30.481903443160263,95.0,100.0,19209.0,365.09866666666665
44,vllm,Qwen/Qwen2.5-7B-Instruct,2,8,128,256,2.012900611385703,3.974364136385607,1017.4372189147152,1581.7969262814715,64.4128195643425,31.45157205290161,100.0,100.0,86731.0,367.1188888888889
45,vllm,Qwen/Qwen2.5-7B-Instruct,2,8,512,256,2.0621087551116943,3.8795238030821895,993.1580935890404,3033.787614010272,65.98748016357422,32.220449298620224,95.77777777777776,100.0,86731.0,369.8177777777778
46,vllm,Qwen/Qwen2.5-7B-Instruct,4,8,128,256,2.019101452082396,3.962158509543549,1014.3125784431486,1576.9390867983325,68.64944937080145,33.520238950586645,95.88888888888889,100.0,86731.0,372.8855555555555
47,vllm,Qwen/Qwen2.5-7B-Instruct,2,8,2048,256,2.1654076892882586,3.694454415939336,945.78033048047,8563.74533614738,69.29304605722427,33.83449514512904,90.6,100.0,87775.0,362.582
48,vllm,Qwen/Qwen2.5-7B-Instruct,4,8,512,256,2.050185015425086,3.902086855483761,998.9342350038428,3051.431920988301,69.70629052445292,34.03627467014303,97.0,100.0,86731.0,376.08
49,transformers,Qwen/Qwen2.5-7B-Instruct,1,16,128,256,4.511345795821399,3.546613521583711,907.93306152543,1412.882161660911,139.85171967046335,34.14348624767172,71.85,99.0,15867.0,245.4455
50,transformers,Qwen/Qwen2.5-7B-Instruct,1,16,512,256,4.646413182839751,3.4435164007995667,881.5401986046891,2694.121144075561,144.0388086680323,35.16572477246882,93.14285714285714,100.0,17073.0,333.6504761904762
51,vllm,Qwen/Qwen2.5-7B-Instruct,4,8,2048,256,2.1622339244931936,3.6998772007867378,947.1685634014048,8576.315351423658,73.51595343276858,35.896461637094035,91.3,100.0,87775.0,376.288
52,transformers,Qwen/Qwen2.5-7B-Instruct,8,16,128,256,4.071414517238736,3.9298381268364,1006.0385604701185,1565.5492637784507,154.71375165507197,37.771912025164056,87.94444444444444,97.0,15869.0,321.22277777777776
53,vllm,Qwen/Qwen2.5-7B-Instruct,8,8,512,256,2.0634118039160967,3.8770738758094745,992.5309122072256,3031.871770883009,78.40964854881167,38.28596120547445,96.33333333333331,100.0,86731.0,367.337
54,vllm,Qwen/Qwen2.5-7B-Instruct,8,8,2048,256,2.157464439049363,3.708056482972677,949.2624596410052,8595.274927530665,81.9836486838758,40.03107845892373,91.1,100.0,87775.0,364.679
55,transformers,Qwen/Qwen2.5-7B-Instruct,16,32,512,256,7.173071783035994,4.461129202091442,1142.0490757354091,3491.6700623619454,329.9613020196557,40.27847925044625,94.9375,100.0,19211.0,421.3875
56,transformers,Qwen/Qwen2.5-7B-Instruct,2,16,512,256,5.270445022732019,3.0357967744640555,777.1639742627982,2375.1315014213155,168.65424072742462,41.1753517400939,89.29166666666667,100.0,17075.0,354.51375
57,transformers,Qwen/Qwen2.5-7B-Instruct,4,16,128,256,4.9827594216912985,3.211072148165066,822.0344699302569,1279.2108670252585,169.41382033750415,41.36079598083597,75.22727272727273,96.0,15869.0,282.54318181818184
58,transformers,Qwen/Qwen2.5-7B-Instruct,2,16,128,256,5.369842786341906,2.979603060390464,762.7783834599588,1186.9993691830512,171.83496916294098,41.95189676829614,69.43478260869566,96.0,15869.0,268.375652173913
59,vllm,Qwen/Qwen2.5-7B-Instruct,1,4,128,256,1.428395370952785,2.8003451154646863,716.8883495589597,1114.537355954945,44.280256499536335,43.24243798782845,85.71428571428571,100.0,86729.0,348.5414285714286
60,transformers,Qwen/Qwen2.5-7B-Instruct,4,16,512,256,5.219329049810767,3.06552812580002,784.7752002048051,2398.3925674227908,177.45718769356608,43.32450871424953,95.78260869565216,100.0,17075.0,367.52086956521737
61,vllm,Qwen/Qwen2.5-7B-Instruct,1,4,512,256,1.443127437029034,2.771757987108054,709.5700446996618,2167.514745918498,44.73695054790005,43.68842826943364,96.14285714285714,100.0,86729.0,357.76714285714286
62,vllm,Qwen/Qwen2.5-7B-Instruct,1,4,2048,256,1.49483989411965,2.6758718547284315,685.0231948104785,6202.670959260504,46.340036717709154,45.253942107137846,83.28571428571429,100.0,86729.0,353.8314285714286
63,vllm,Qwen/Qwen2.5-7B-Instruct,16,8,128,256,2.0224415846168995,3.955614867123788,1012.6374059836896,1574.3347171152675,93.03231289237738,45.42593402948114,98.88888888888889,100.0,86731.0,374.16777777777776
64,transformers,Qwen/Qwen2.5-7B-Instruct,16,16,128,256,4.067043505609036,3.934061678448659,1007.1197896828568,1567.2318211519846,187.08400125801563,45.67480499463272,89.15789473684211,97.0,15869.0,311.3184210526316
65,vllm,Qwen/Qwen2.5-7B-Instruct,16,8,512,256,2.063611662015319,3.876698386258981,992.4347868822992,3031.578138054523,94.92613645270468,46.3506525647972,96.6,100.0,86731.0,369.117
66,vllm,Qwen/Qwen2.5-7B-Instruct,16,8,2048,256,2.157039005309344,3.708787824563567,949.4496830882732,8596.970177338348,99.2237942442298,48.44911828331533,90.0,100.0,87775.0,365.067
67,transformers,Qwen/Qwen2.5-7B-Instruct,1,8,512,256,3.258263606578112,2.455295508886633,628.555650274978,1920.0410879493468,101.00617180392146,49.319419826133526,72.66666666666667,100.0,16151.0,240.71466666666663
68,transformers,Qwen/Qwen2.5-7B-Instruct,2,8,128,256,3.178065365180373,2.517254707108881,644.4172050198736,1001.8673734293347,101.69809168577194,49.65727133094333,86.0,95.0,15567.0,274.7057142857143
69,transformers,Qwen/Qwen2.5-7B-Instruct,8,16,512,256,5.386707496829331,2.9702745154470995,760.3902759544575,2323.8685240229247,204.69488487951455,49.97433712878774,80.875,100.0,17073.0,300.75125
70,transformers,Qwen/Qwen2.5-7B-Instruct,8,8,512,256,2.701928408816457,2.9608482496781963,757.9771519176182,2315.3833312483494,102.67327953502536,50.1334372729616,86.41666666666667,100.0,16151.0,246.30166666666668
71,transformers,Qwen/Qwen2.5-7B-Instruct,1,8,2048,256,3.343306763097644,2.392840551845692,612.5671812724971,5546.6043991783135,103.64250965602696,50.60669416798192,87.13333333333334,100.0,19353.0,292.19866666666667
72,transformers,Qwen/Qwen2.5-7B-Instruct,4,8,128,256,3.121945939958096,2.562504333469458,656.0011093681812,1019.8767247208442,106.14616195857523,51.82918064383557,86.14285714285714,96.0,15567.0,288.0621428571429
73,vllm,Qwen/Qwen2.5-7B-Instruct,8,4,128,256,1.4270046232268214,2.8030743102674607,717.5870234284699,1115.6235754864492,54.226175682619214,52.95524969005783,95.33333333333331,100.0,86729.0,378.0
74,transformers,Qwen/Qwen2.5-7B-Instruct,8,8,128,256,3.0613211654126644,2.613250805039792,668.9922060901868,1040.0738204058373,116.33020428568123,56.8018575613678,87.85714285714286,96.0,15567.0,277.54625
75,transformers,Qwen/Qwen2.5-7B-Instruct,16,16,512,256,5.171386282891035,3.0939479522027287,792.0506757638985,2420.62752910461,237.8837690129876,58.07709204418643,94.43478260869566,100.0,17075.0,373.3591304347826
76,transformers,Qwen/Qwen2.5-7B-Instruct,2,8,512,256,3.838483130559325,2.0841566128842874,533.5440928983776,1629.810471275513,122.8314601778984,59.97629891498946,74.52941176470588,90.0,16153.0,269.42055555555555
77,vllm,Qwen/Qwen2.5-7B-Instruct,2,4,128,256,1.992921782657504,2.007103356894476,513.8184593649859,798.8271360440015,63.77349704504013,62.278805708047,88.88888888888889,100.0,86731.0,353.16777777777776
78,vllm,Qwen/Qwen2.5-7B-Instruct,2,4,512,256,2.0092615466564894,1.9907811437770249,509.6399728069184,1556.7908544336335,64.29636949300766,62.78942333301529,88.88888888888889,100.0,86731.0,353.24555555555554
79,transformers,Qwen/Qwen2.5-7B-Instruct,2,32,2048,256,16.25234456732869,1.968946687503049,504.05035200078055,4565.372072479726,520.0750261545181,63.4857209661277,96.83333333333331,100.0,32029.0,510.5802777777778
80,transformers,Qwen/Qwen2.5-7B-Instruct,1,32,2048,256,16.78317707311362,1.906671177965672,488.107821559212,4420.974626959278,520.2784892665222,63.51055777179226,98.64864864864865,100.0,32027.0,393.2590666666667
81,transformers,Qwen/Qwen2.5-7B-Instruct,4,8,512,256,3.826413281261921,2.090730773692502,535.2270780652805,1634.9514650275364,130.0980515629053,63.52443923969986,79.23529411764706,91.0,16153.0,277.43
82,vllm,Qwen/Qwen2.5-7B-Instruct,2,4,2048,256,2.06612147949636,1.935994586811539,495.6146142237539,4487.635452229147,66.11588734388351,64.56629623426124,94.8,100.0,86731.0,366.972
83,vllm,Qwen/Qwen2.5-7B-Instruct,4,4,128,256,1.9940500501543283,2.005967703614271,513.5277321252534,798.3751460384799,67.79770170524716,66.20869307153043,91.33333333333331,100.0,86731.0,365.1322222222222
84,vllm,Qwen/Qwen2.5-7B-Instruct,4,4,512,256,2.013004766777158,1.9870792489001616,508.69228771844143,1553.8959726399264,68.44216207042336,66.83804889689782,95.77777777777776,100.0,86731.0,367.8455555555556
85,transformers,Qwen/Qwen2.5-7B-Instruct,4,32,2048,256,16.360985258594155,1.9558724303104504,500.70334215947526,4535.056955755462,556.2734987922013,67.90447983303238,97.76712328767124,100.0,32029.0,529.787397260274
86,transformers,Qwen/Qwen2.5-7B-Instruct,4,8,2048,256,4.09621374681592,1.9530230828941928,499.97390922091336,4527.107506148739,139.27126739174128,68.00354853112367,82.57894736842105,100.0,19355.0,331.7221052631579
87,vllm,Qwen/Qwen2.5-7B-Instruct,4,4,2048,256,2.0766359958797693,1.926192172309618,493.1051961112622,4464.913455413695,70.60562385991216,68.95080455069547,83.6,100.0,86731.0,354.051
88,transformers,Qwen/Qwen2.5-7B-Instruct,2,8,2048,256,4.475312793627381,1.7875845485910158,457.6216444393,4143.620983633975,143.2100093960762,69.92676240042783,77.6,100.0,19355.0,312.1705
89,transformers,Qwen/Qwen2.5-7B-Instruct,1,16,2048,256,9.341021706815807,1.7128747263616113,438.4959299485725,3971.0859437286,289.5716729112901,70.69620920685793,95.42857142857144,100.0,23677.0,389.25166666666667
90,vllm,Qwen/Qwen2.5-7B-Instruct,8,4,512,256,2.0110770147293806,1.9889839974816963,509.1799033553143,1555.3854860306867,76.42092655971646,74.62981109347311,97.66666666666669,100.0,86731.0,357.8455555555556
91,transformers,Qwen/Qwen2.5-7B-Instruct,8,8,2048,256,4.052062302827835,1.974303305854156,505.421646298664,4576.435062969934,153.97836750745773,75.18474975950085,74.83333333333333,100.0,19353.0,242.72222222222223
92,transformers,Qwen/Qwen2.5-7B-Instruct,2,16,2048,256,9.7254701834172,1.6451646756659062,421.162156970472,3814.108654946945,311.21504586935043,75.98023580794688,95.88372093023256,100.0,23679.0,462.4925581395349
93,vllm,Qwen/Qwen2.5-7B-Instruct,8,4,2048,256,2.07211764715612,1.9303923237610596,494.1804348828312,4474.649406478136,78.74047059193254,76.89499081243412,90.0,100.0,86731.0,346.356
94,transformers,Qwen/Qwen2.5-7B-Instruct,8,32,2048,256,16.755011901725084,1.909876291804084,488.9283307018456,4428.4062843524825,636.6904522655532,77.72100247382241,97.89189189189187,100.0,32027.0,393.1010810810811
95,transformers,Qwen/Qwen2.5-7B-Instruct,1,8,128,256,5.27137160114944,1.517631577757784,388.5136839059927,604.017367947598,163.41251963563263,79.79126935333625,46.47826086956522,80.0,15565.0,183.35130434782607
96,transformers,Qwen/Qwen2.5-7B-Instruct,4,16,2048,256,9.784192897379398,1.6352907355583153,418.6344283029287,3791.217159050009,332.66255851089954,81.21644494895008,96.79545454545456,100.0,23679.0,476.6322727272727
97,transformers,Qwen/Qwen2.5-7B-Instruct,16,8,128,256,3.648043615743518,2.1929562370019795,561.3967966725068,872.7965823267879,167.81000632420182,81.93847965048917,80.52941176470588,96.0,15567.0,273.1329411764706
98,transformers,Qwen/Qwen2.5-7B-Instruct,1,4,512,256,2.733994501177221,1.4630607333985688,374.5435477500336,1144.1134935176808,84.75382953649387,82.76741165673229,81.38461538461539,95.0,15735.0,262.7838461538461
99,transformers,Qwen/Qwen2.5-7B-Instruct,16,8,512,256,3.785012876614928,2.1135991503296245,541.0813824843839,1652.8345355577662,174.1105923242867,85.01493765834311,77.82352941176471,92.0,16153.0,283.7494117647059
100,transformers,Qwen/Qwen2.5-7B-Instruct,8,16,2048,256,9.33058804878965,1.71479009858071,438.9862652366618,3975.526494797054,354.5623458540067,86.56307271826336,97.42857142857144,100.0,23677.0,387.937619047619
101,vllm,Qwen/Qwen2.5-7B-Instruct,16,4,128,256,2.000186074525118,1.999813942785136,511.9523693529948,795.9259492284841,92.00855942815542,89.85210881655803,96.44444444444444,100.0,86731.0,362.22222222222223
102,transformers,Qwen/Qwen2.5-7B-Instruct,16,8,2048,256,4.00598257035017,1.9970131820370616,511.23537460148776,4629.0765559619085,184.27519823610783,89.97812413872452,82.72222222222223,100.0,19355.0,331.93052631578945
103,transformers,Qwen/Qwen2.5-7B-Instruct,1,4,128,256,2.978748046793044,1.342846033690714,343.7685846248228,534.4527214089042,92.34118945058437,90.17694282283628,73.14285714285714,88.0,15471.0,228.8142857142857
104,vllm,Qwen/Qwen2.5-7B-Instruct,16,4,512,256,2.011858820915222,1.9882110804277733,508.98203658951,1554.7810648945187,92.54550576210022,90.376470470801,93.88888888888889,100.0,86731.0,360.83
105,transformers,Qwen/Qwen2.5-7B-Instruct,16,32,2048,256,16.33401083946228,1.9591024099659191,501.5302169512753,4542.546269207853,751.3644986152649,91.7192991473712,97.68493150684932,100.0,32029.0,528.8220833333334
106,vllm,Qwen/Qwen2.5-7B-Instruct,16,4,2048,256,2.072067206725478,1.9304393153932808,494.1924647406799,4474.758333081625,95.315091509372,93.08114405212108,90.0,100.0,86731.0,346.76300000000003
107,transformers,Qwen/Qwen2.5-7B-Instruct,2,4,512,256,3.473285045474768,1.151647488653853,294.8217570953864,900.5883361273131,111.14512145519257,108.54015767108648,81.8125,96.0,15737.0,275.44375
108,transformers,Qwen/Qwen2.5-7B-Instruct,1,4,2048,256,3.590538574848324,1.114038999057119,285.1939837586224,2582.342399814401,111.30669582029805,108.6979451370098,71.0,100.0,17317.0,231.285625
109,transformers,Qwen/Qwen2.5-7B-Instruct,16,16,2048,256,9.812726464122534,1.6305356170376792,417.4171179616459,3780.1930111497295,451.38541734963655,110.20151790762613,96.27272727272728,100.0,23679.0,470.74
110,transformers,Qwen/Qwen2.5-7B-Instruct,4,4,512,256,3.615698531270027,1.106286922265885,283.20945210006664,865.1163732119222,122.93375006318092,120.05249029607512,77.76470588235294,82.0,15737.0,276.0035294117647
111,transformers,Qwen/Qwen2.5-7B-Instruct,8,4,128,256,3.426623687148094,1.1673298165195125,298.8364330289952,464.59726697476594,130.21170011162758,127.15986339026132,77.625,85.0,15473.0,265.32875
112,transformers,Qwen/Qwen2.5-7B-Instruct,8,4,512,256,3.4395625572651625,1.162938581114352,297.7122767652741,909.4179704314232,130.70337717607617,127.64001677351187,66.17647058823529,92.0,15735.0,217.35117647058823
113,transformers,Qwen/Qwen2.5-7B-Instruct,2,4,2048,256,4.131142172962427,0.9682552264066996,247.8733379601151,2244.41561481073,132.19654953479767,129.09819290507585,72.89473684210526,100.0,17319.0,281.3516666666667
114,transformers,Qwen/Qwen2.5-7B-Instruct,4,4,2048,256,3.944674480706453,1.0140253700436237,259.5904947311676,2350.5108077611194,134.1189323440194,130.97551986720646,77.16666666666667,100.0,17319.0,295.3805555555556
115,transformers,Qwen/Qwen2.5-7B-Instruct,4,4,128,256,4.710570113733411,0.8491541158337115,217.3834536534301,337.9633381018172,160.15938386693597,156.40564830755466,60.38095238095238,65.0,15473.0,233.31666666666663
116,transformers,Qwen/Qwen2.5-7B-Instruct,16,4,512,256,3.507908385246992,1.1402806347003158,291.91184248328085,891.6994563356469,161.36378572136164,157.58182199351722,79.875,96.0,15737.0,278.254375
117,transformers,Qwen/Qwen2.5-7B-Instruct,16,4,128,256,3.521242655813694,1.1359626106414056,290.8064283241998,452.1131190352794,161.97716216742992,158.1808224291308,78.75,95.0,15473.0,261.66
118,transformers,Qwen/Qwen2.5-7B-Instruct,2,4,128,256,5.143979761749506,0.7776080360470878,199.0676572280545,309.48799834674094,164.6073523759842,160.74936755467206,54.31818181818182,62.0,15473.0,215.6740909090909
119,transformers,Qwen/Qwen2.5-7B-Instruct,16,4,2048,256,3.592699846252799,1.1133688232185657,285.0224187439528,2580.7889322206347,165.26419292762876,161.39081340588746,83.875,100.0,17319.0,309.2182352941177
120,vllm,Qwen/Qwen2.5-7B-Instruct,1,1,512,256,1.4053790937177837,0.7115517830527879,182.1572564615137,556.4334943472801,43.566751905251294,170.18262462988787,100.0,100.0,86729.0,380.21
121,vllm,Qwen/Qwen2.5-7B-Instruct,1,1,128,256,1.409352792892605,0.7095455481714873,181.64366033190075,282.39912817225195,43.68993657967076,170.6638147643389,100.0,100.0,86727.0,377.8566666666667
122,vllm,Qwen/Qwen2.5-7B-Instruct,1,1,2048,256,1.4172626100480556,0.7055855371546792,180.62989751159787,1635.5472751245463,43.935140911489725,171.62164418550674,97.33333333333331,100.0,86729.0,378.53
123,transformers,Qwen/Qwen2.5-7B-Instruct,8,4,2048,256,4.833387766033411,0.8275768867770064,211.85968301491363,1918.3232235491007,183.6687351092696,179.3639991301461,57.09090909090909,100.0,17317.0,205.0381818181818
124,vllm,Qwen/Qwen2.5-7B-Instruct,8,1,128,256,1.4034729599952698,0.712518180616298,182.4046542377723,283.5822358852866,53.33197247982025,208.32801749929783,100.0,100.0,86729.0,379.47333333333336
125,vllm,Qwen/Qwen2.5-7B-Instruct,2,1,128,256,1.957076404243708,0.5109662544761199,130.8073611458867,203.3645692814957,62.626444935798645,244.63455053046343,88.88888888888889,100.0,87251.0,344.6688888888889
126,vllm,Qwen/Qwen2.5-7B-Instruct,2,1,512,256,1.9572695512324567,0.5109158313786255,130.79445283292813,399.5361801380851,62.63262563943863,244.65869390405717,92.11111111111111,100.0,86731.0,353.24111111111114
127,vllm,Qwen/Qwen2.5-7B-Instruct,2,1,2048,256,1.974870853126049,0.5063622253663256,129.62872969377935,1173.7476383991425,63.19586730003357,246.85885664075613,93.44444444444444,100.0,86731.0,350.69
128,vllm,Qwen/Qwen2.5-7B-Instruct,4,1,128,256,1.9603133834898472,0.5101225183800716,130.59136470529833,203.02876231526847,66.6506550386548,260.35412124474533,92.0,100.0,87251.0,355.4611111111111
129,vllm,Qwen/Qwen2.5-7B-Instruct,4,1,512,256,1.9630693215876815,0.5094063612543366,130.40802848111016,398.3557745008912,66.74435693398118,260.720144273364,100.0,100.0,86731.0,357.00444444444446
130,vllm,Qwen/Qwen2.5-7B-Instruct,4,1,2048,256,1.981000812724233,0.5047953507019616,129.22760977970216,1170.1156229271471,67.35402763262391,263.10167043993715,97.55555555555556,100.0,86731.0,363.5633333333333
131,vllm,Qwen/Qwen2.5-7B-Instruct,8,1,512,256,1.96250974945724,0.5095516087380275,130.44521183693504,398.4693580331375,74.57537047937512,291.3100409350591,91.44444444444444,100.0,86731.0,349.1933333333333
132,vllm,Qwen/Qwen2.5-7B-Instruct,8,1,2048,256,1.9817016012966635,0.5046168400659725,129.18191105688896,1169.7018352729244,75.3046608492732,294.15883144247346,100.0,100.0,86731.0,356.06555555555553
133,vllm,Qwen/Qwen2.5-7B-Instruct,16,1,128,256,1.958652270957828,0.5105551479594569,130.70211787762096,203.20094888786383,90.09800446406008,351.94532993773464,99.44444444444444,100.0,86731.0,361.5944444444444
134,vllm,Qwen/Qwen2.5-7B-Instruct,16,1,512,256,1.962102510035038,0.5096573674849142,130.47228607613803,398.55206137320295,90.25671546161176,352.5652947719209,93.11111111111111,100.0,86731.0,351.81444444444446
135,vllm,Qwen/Qwen2.5-7B-Instruct,16,1,2048,256,1.9823527541011567,0.5044510861808862,129.13947806230686,1169.3176177672942,91.18822668865324,356.2040105025517,91.33333333333331,100.0,86731.0,354.2055555555556
136,transformers,Qwen/Qwen2.5-7B-Instruct,4,1,512,256,2.90529297105968,0.3441993664533112,88.11503781204766,269.1639045664893,98.77996101602912,385.85922271886375,90.07692307692308,95.0,15425.0,292.91615384615386
137,transformers,Qwen/Qwen2.5-7B-Instruct,8,1,2048,256,2.6155942799523477,0.3823222919795568,97.87450674676654,886.2230728086128,99.3925826381892,388.25227593042655,83.66666666666667,97.0,15729.0,257.9725
138,transformers,Qwen/Qwen2.5-7B-Instruct,4,1,2048,256,2.9745786152780056,0.3361820712566843,86.0626102417112,779.2700411729944,101.1356729194522,395.0612223416101,87.5,95.0,15731.0,295.14714285714285
139,transformers,Qwen/Qwen2.5-7B-Instruct,1,1,128,256,3.4258660660125315,0.2918969920980974,74.72562997711294,116.17500285504278,106.20184804638848,414.850968931205,61.125,89.0,15327.0,204.16125
140,transformers,Qwen/Qwen2.5-7B-Instruct,8,1,512,256,2.894724577665329,0.345456009084818,88.43673832571342,270.1465991043277,109.9995339512825,429.68567949719727,88.46153846153847,96.0,15425.0,294.2430769230769
141,transformers,Qwen/Qwen2.5-7B-Instruct,8,1,128,256,2.9123104624450207,0.3433699850669263,87.90271617713313,136.66125405663666,110.6677975729108,432.2960842691828,86.53846153846153,95.0,15329.0,286.85153846153844
142,transformers,Qwen/Qwen2.5-7B-Instruct,2,1,512,256,3.605720454826951,0.2773370849260673,70.99829374107323,216.8776004121846,115.38305455446245,450.7150568533689,72.6875,95.0,15425.0,254.6025
143,transformers,Qwen/Qwen2.5-7B-Instruct,4,1,128,256,3.400075627490878,0.2941111050338491,75.29244288866536,117.05621980347192,115.60257133468986,451.57254427613225,73.6,95.0,15329.0,256.755
144,transformers,Qwen/Qwen2.5-7B-Instruct,2,1,128,256,3.873978847637773,0.2581325400394914,66.08193025010979,102.73675093571757,123.96732312440872,484.2473559547216,67.70588235294117,95.0,15329.0,234.53176470588235
145,transformers,Qwen/Qwen2.5-7B-Instruct,2,1,2048,256,3.965463481843472,0.2521773317491549,64.55739692778366,584.5470549945411,126.89483141899107,495.68293523043394,67.94444444444444,75.0,15731.0,251.67388888888888
146,transformers,Qwen/Qwen2.5-7B-Instruct,16,1,128,256,2.8510654605925083,0.3507460680303637,89.7909934157731,139.59693507608472,131.14901118725538,512.3008249502163,88.07692307692308,95.0,15329.0,291.8492307692308
147,transformers,Qwen/Qwen2.5-7B-Instruct,16,1,512,256,2.902269611135125,0.3445579267216609,88.20682924074521,269.4442986963389,133.50440211221576,521.5015707508428,90.76923076923076,95.0,15425.0,292.1553846153846
148,transformers,Qwen/Qwen2.5-7B-Instruct,16,1,2048,256,2.9782927855849266,0.335762825213171,85.95528325457178,778.2982288441304,137.00146813690662,535.1619849097915,86.23076923076923,95.0,15731.0,283.445625
149,transformers,Qwen/Qwen2.5-7B-Instruct,1,1,2048,256,4.686591619160026,0.2133746827676931,54.62391878852944,494.6025146555127,145.28434019396082,567.5169538826594,48.0,95.0,15729.0,180.93142857142857
150,transformers,Qwen/Qwen2.5-7B-Instruct,1,1,512,256,5.328114252071828,0.1876836630541756,48.04701774186896,146.76862450836535,165.17154181422666,645.2013352118229,45.04166666666666,86.0,15423.0,180.29
