batch_size,target_input_tokens,gpu_memory_utilization,walltime_sec,requests_per_sec,output_tokens_per_sec,gpu_util_avg,gpu_memory_max_mb,fairshare_cost_per_1k
320,128,0.9,4.213842613622546,75.94018793333697,19440.688110934265,97.78947368421052,87921.0,1.594593762479235
256,128,0.9,3.5787712214514613,71.5329324393563,18312.430704475213,98.5625,87653.0,1.692839170303273
320,512,0.9,5.109590354375541,62.62732974786746,16032.59641545407,96.30434782608695,88511.0,1.933560803047385
192,128,0.9,3.1251267604529858,61.43750788917429,15728.00201962862,96.5,87517.0,1.9710068679614776
160,128,0.9,2.624598760157824,60.96169914763612,15606.194981794846,94.41666666666669,87727.0,1.986390663205384
256,512,0.9,4.303761225193739,59.48285385848186,15227.610587771356,97.9,87173.0,2.0357757260285325
128,128,0.9,2.4755808394402266,51.70503744444197,13236.489585777144,84.0,87193.0,2.342010681843476
160,512,0.9,3.1938640233129263,50.09605882783809,12824.591059926552,89.28571428571429,87745.0,2.4172310723315604
192,512,0.9,3.865470167249441,49.67054244183231,12715.658865109071,87.82352941176471,87513.0,2.4379389482570937
128,512,0.9,2.8473564498126507,44.95397827989611,11508.218439653405,86.84615384615384,87661.0,2.6937271101132865
320,2048,0.9,8.924517907202244,35.85627854942779,9179.207308653517,99.71794871794872,87809.0,3.377197938516474
256,2048,0.9,7.279728936031461,35.166144543227766,9002.533003066308,99.5,87653.0,3.44347529627953
192,2048,0.9,5.807667030021548,33.05974653978873,8463.295114185916,99.42307692307692,87517.0,3.662875934461833
160,2048,0.9,4.864661380648613,32.89026460021909,8419.907737656087,95.45454545454544,87781.0,3.681750556643237
128,2048,0.9,4.130486802197993,30.989083400989497,7933.205350653311,94.10526315789474,87697.0,3.907626064091119
