rank,model,cpu_cores,batch_size,target_input_tokens,target_output_tokens,gpu_memory_utilization,walltime_sec,requests_per_sec,input_tokens_per_sec,output_tokens_per_sec,total_tokens_per_sec,fairshare_cost,fairshare_cost_per_request,fairshare_cost_per_1k,gpu_util_avg,gpu_util_max,gpu_memory_avg_mb,gpu_memory_max_mb,gpu_power_avg_w
1,Qwen/Qwen2.5-7B-Instruct,1,128,128,256,0.9,2.5818769596517086,49.57633613077636,6296.194688608597,12691.542049478749,18987.736738087344,80.03818574920297,0.6252983261656482,2.442571586584563,88.5,100.0,87517.0,87517.0,558.0741666666667
2,Qwen/Qwen2.5-7B-Instruct,1,128,128,256,0.85,2.630274187773466,48.664128095463816,6180.344268123905,12458.016792438735,18638.36106056264,81.53849982097745,0.6370195298513863,2.488357538481978,93.27272727272728,100.0,82799.0,82799.0,578.55
3,Qwen/Qwen2.5-7B-Instruct,1,128,128,256,0.95,2.667423428967595,47.98638214313855,6094.270532178595,12284.513828643469,18378.784360822065,82.69012629799545,0.6460166117030894,2.523502389465193,93.66666666666669,100.0,91735.0,91735.0,552.2916666666666
4,Qwen/Qwen2.5-7B-Instruct,1,128,512,256,0.85,2.982825515791774,42.91233239166628,21928.20185214147,10985.557092266568,32913.75894440804,92.467590989545,0.7224030546058202,2.821886932053985,97.46153846153848,100.0,82903.0,82903.0,576.6546153846153
5,Qwen/Qwen2.5-7B-Instruct,1,128,512,256,0.9,3.062442990019917,41.79669643390407,21358.11187772498,10699.95428707944,32058.066164804422,94.93573269061744,0.7416854116454488,2.8972086392400342,96.28571428571428,100.0,87663.0,87663.0,565.993076923077
6,Qwen/Qwen2.5-7B-Instruct,1,128,512,256,0.95,3.0696923043578863,41.697990322445314,21307.673054769555,10674.685522546,31982.35857731556,95.16046143509448,0.7434411049616756,2.9040668162565453,90.85714285714286,100.0,92479.0,92479.0,547.0921428571429
7,Qwen/Qwen2.5-7B-Instruct,1,96,128,256,0.9,2.4864655137062077,38.60902130788332,4903.345706101181,9883.90945481813,14787.25516091931,77.08043092489243,0.8029211554676294,3.1364107635454275,95.54545454545456,100.0,86827.0,86827.0,483.0990909090909
8,Qwen/Qwen2.5-7B-Instruct,1,96,128,256,0.95,2.500375814735889,38.394228353284696,4876.067000867156,9828.922458440882,14704.989459308035,77.51165025681257,0.8074130235084643,3.153957123079939,94.0,100.0,91505.0,91505.0,479.9536363636364
9,Qwen/Qwen2.5-7B-Instruct,1,96,128,256,0.85,2.510009901598096,38.24686107368654,4857.351356358191,9791.196434863754,14648.547791221945,77.81030694954097,0.8105240307243852,3.1661094950171296,88.0909090909091,100.0,82025.0,82025.0,476.41090909090906
10,Qwen/Qwen2.5-7B-Instruct,1,96,512,256,0.9,2.8364862352609634,33.844690944240654,17294.637072506976,8664.240881725607,25958.877954232583,87.93107329308987,0.9159486801363528,3.577924531782628,88.38461538461539,100.0,87595.0,87595.0,472.5092307692308
11,Qwen/Qwen2.5-7B-Instruct,1,96,512,256,0.85,2.8542123902589083,33.63449767355672,17187.228311187482,8610.43140443052,25797.659715618,88.48058409802616,0.9216727510211058,3.6002841836761945,94.46153846153848,100.0,82909.0,82909.0,493.76384615384615
12,Qwen/Qwen2.5-7B-Instruct,1,96,512,256,0.95,2.8599198665469885,33.567374080277474,17152.92815502179,8593.247764551033,25746.175919572823,88.65751586295664,0.9235157902391316,3.607483555621608,91.0,100.0,92355.0,92355.0,483.9033333333333
13,Qwen/Qwen2.5-7B-Instruct,1,128,2048,256,0.85,4.555793412029743,28.09609401120148,57512.70444092942,7192.600066867578,64705.304507797,141.22959577292204,1.1033562169759534,4.309985222562318,99.15,100.0,82939.0,82939.0,565.257
14,Qwen/Qwen2.5-7B-Instruct,1,128,2048,256,0.9,4.595506416633725,27.853295892852184,57015.696692668425,7130.443748570159,64146.14044123858,142.46069891564548,1.1129742102784803,4.347555508900314,97.33333333333331,100.0,87699.0,87699.0,562.5635
15,Qwen/Qwen2.5-7B-Instruct,1,64,128,256,0.95,2.30523076094687,27.762947243386645,3525.894299910104,7107.314494306981,10633.208794217086,71.46215358935297,1.11659614983364,4.361703710287657,93.0,100.0,90811.0,90813.0,462.053
16,Qwen/Qwen2.5-7B-Instruct,1,64,128,256,0.9,2.320301765576005,27.58261918751429,3502.9926368143147,7061.150512003658,10564.143148817971,71.92935473285615,1.1238961677008774,4.390219405081552,95.1,100.0,86005.0,86005.0,459.326
17,Qwen/Qwen2.5-7B-Instruct,1,64,128,256,0.85,2.323921162635088,27.539660565520464,3497.536891821099,7050.153104773239,10547.689996594338,72.04155604168773,1.1256493131513707,4.397067629497542,99.9,100.0,81179.0,81179.0,456.111
18,Qwen/Qwen2.5-7B-Instruct,1,128,2048,256,0.95,4.855341579765081,26.362717822665136,53964.48338299553,6748.855762602275,60713.339145597805,150.51558897271752,1.1759030388493557,4.593371245505296,96.76190476190476,100.0,92515.0,92515.0,551.2561904761905
19,Qwen/Qwen2.5-7B-Instruct,1,64,512,256,0.9,2.5506304800510406,25.091835332697546,12821.927855008444,6423.509845170572,19245.437700179016,79.06954488158226,1.2354616387747228,4.826022026463761,95.08333333333331,100.0,87501.0,87501.0,467.3325
20,Qwen/Qwen2.5-7B-Instruct,1,64,512,256,0.95,2.5655501652508974,24.94591642246884,12747.363291881577,6386.154604152022,19133.5178960336,79.53205512277782,1.2426883612934034,4.854251411302357,94.54545454545456,100.0,92261.0,92261.0,461.47545454545457
21,Qwen/Qwen2.5-7B-Instruct,1,64,512,256,0.85,2.6246034763753414,24.384635841596147,12460.548915055631,6242.466775448614,18703.01569050425,81.36270776763558,1.271292308869306,4.965985581520727,93.0,100.0,82741.0,82741.0,446.00545454545454
22,Qwen/Qwen2.5-7B-Instruct,1,96,2048,256,0.85,3.955048523843288,24.27277425833267,49686.36890680698,6213.830210133164,55900.199116940144,122.60650423914194,1.2771510858243953,4.988871429001544,99.88235294117646,100.0,82945.0,82945.0,527.8576470588235
23,Qwen/Qwen2.5-7B-Instruct,1,96,2048,256,0.9,3.985935004428029,24.08468775666244,49301.35583788801,6165.680065705585,55467.0359035936,123.5639851372689,1.2871248451798845,5.027831426483924,94.61111111111111,100.0,87705.0,87705.0,505.0338888888889
24,Qwen/Qwen2.5-7B-Instruct,1,96,2048,256,0.95,3.998952753841877,24.006285122466327,49140.86564568857,6145.60899135138,55286.47463703995,123.9675353690982,1.2913284934281062,5.04425192745354,93.55555555555556,100.0,92465.0,92465.0,506.5558823529412
25,Qwen/Qwen2.5-7B-Instruct,1,48,128,256,0.9,2.275156868621707,21.09744636161218,2679.375687924747,5400.946268572719,8080.321956497466,70.52986292727292,1.4693721443181855,5.739734938742913,93.4,100.0,85569.0,85571.0,417.388
26,Qwen/Qwen2.5-7B-Instruct,1,48,128,256,0.85,2.2781216595321894,21.06998974315391,2675.888697380547,5393.917374247401,8069.806071627949,70.62177144549787,1.471286905114539,5.747214473103668,93.2,100.0,80717.0,80717.0,414.528
27,Qwen/Qwen2.5-7B-Instruct,1,48,128,256,0.95,2.297305764630437,20.89404063621529,2653.5431607993423,5348.874402871115,8002.417563670459,71.21647870354354,1.4836766396571572,5.7956118736607705,96.8,100.0,90373.0,90373.0,414.582
28,Qwen/Qwen2.5-7B-Instruct,1,48,512,256,0.85,2.422171127051115,19.816931786499268,10126.452142901126,5073.134537343813,15199.586680244938,75.08730493858457,1.5643188528871783,6.110620519090541,97.0,100.0,82769.0,82769.0,417.9236363636364
29,Qwen/Qwen2.5-7B-Instruct,1,48,512,256,0.9,2.440078316256404,19.67149975482842,10052.136374717324,5035.903937236076,15088.0403119534,75.64242780394852,1.5758839125822608,6.155796533524456,94.54545454545456,100.0,87453.0,87453.0,421.8781818181818
30,Qwen/Qwen2.5-7B-Instruct,1,48,512,256,0.95,2.458209410309792,19.52640804265365,9977.994509796015,4998.760458919334,14976.75496871535,76.20449171960354,1.5875935774917405,6.201537412077111,90.1818181818182,100.0,92288.63636363635,92289.0,407.64454545454544
31,Qwen/Qwen2.5-7B-Instruct,1,64,2048,256,0.95,3.3190811201930046,19.282445255896125,39471.16543881937,4936.305985509408,44407.47142432877,102.89151472598314,1.6076799175934866,6.279999678099557,98.26666666666668,100.0,92369.0,92369.0,479.896
32,Qwen/Qwen2.5-7B-Instruct,1,64,2048,256,0.85,3.364900650456548,19.01987804344729,38933.6903549366,4869.088779122507,43802.77913405912,104.31192016415298,1.6298737525648903,6.366694345956603,96.66666666666669,100.0,82849.0,82849.0,485.4906666666666
33,Qwen/Qwen2.5-7B-Instruct,1,64,2048,256,0.9,3.435637779533863,18.628273440596328,38132.07573290068,4768.83800079266,42900.91373369334,106.50477116554976,1.664137049461715,6.500535349459824,93.86666666666666,100.0,87609.0,87609.0,469.296
34,Qwen/Qwen2.5-7B-Instruct,1,48,2048,256,0.9,3.104260252788663,15.462621072727378,31651.985335872945,3958.430994618209,35610.41633049116,96.23206783644856,2.004834746592678,7.831385728877649,95.57142857142856,100.0,87523.0,87523.0,440.5635714285714
35,Qwen/Qwen2.5-7B-Instruct,1,48,2048,256,0.95,3.1386769358068705,15.293068060749768,31304.91032035477,3915.025423551941,35219.93574390672,97.29898501001298,2.027062187708604,7.918211670736733,94.71428571428572,100.0,92283.0,92283.0,444.58214285714286
36,Qwen/Qwen2.5-7B-Instruct,1,48,2048,256,0.85,3.1575916223227978,15.20145913127616,31117.386841722306,3891.573537606697,35008.960379329,97.88534029200672,2.03927792275014,7.965929385742735,92.3076923076923,100.0,82763.0,82763.0,450.6815384615385
37,Qwen/Qwen2.5-7B-Instruct,1,32,128,256,0.9,2.1695086751133204,14.74988340312976,1873.23519219748,3775.970151201219,5649.2053433986985,67.25476892851293,2.101711529016029,8.209810660218864,88.77777777777777,100.0,85189.0,85189.0,386.87555555555554
38,Qwen/Qwen2.5-7B-Instruct,1,32,128,256,0.85,2.18016791716218,14.677768509525112,1864.0766007096893,3757.5087384384287,5621.585339148119,67.58520543202758,2.112037669750862,8.250147147464304,100.0,100.0,80461.0,80463.0,406.014
39,Qwen/Qwen2.5-7B-Instruct,1,32,128,256,0.95,2.1843603663146496,14.649597426082629,1860.498873112494,3750.296941077153,5610.795814189647,67.71517135575414,2.116099104867317,8.266012128387956,85.8,100.0,89949.0,89949.0,383.227
40,Qwen/Qwen2.5-7B-Instruct,1,32,2048,256,0.9,2.196256933733821,14.570244268095408,29825.2900167913,3729.982532632424,33555.272549423724,68.08396494574845,2.127623904554639,8.311030877166559,76.6,100.0,87307.0,87307.0,352.159
41,Qwen/Qwen2.5-7B-Instruct,1,32,512,256,0.9,2.281664926558733,14.024846342474678,7166.69648100456,3590.3606636735176,10757.057144678078,70.73161272332072,2.2103628976037726,8.634230068764737,95.5,100.0,87307.0,87307.0,407.254
42,Qwen/Qwen2.5-7B-Instruct,1,32,512,256,0.85,2.2958748377859592,13.93804203667278,7122.339480739791,3568.138761388232,10690.478242128022,71.17211997136474,2.224128749105148,8.688002926191984,92.5,100.0,82395.0,82395.0,404.148
43,Qwen/Qwen2.5-7B-Instruct,1,32,512,256,0.95,2.3134568240493536,13.83211463786425,7068.210579948631,3541.021347293248,10609.23192724188,71.71716154552996,2.2411612982978117,8.754536321475825,91.4,100.0,92067.0,92069.0,400.351
44,Qwen/Qwen2.5-7B-Instruct,1,32,2048,256,0.85,2.733256300911308,11.707647025026793,23965.553460229843,2997.1576384068585,26962.7110986367,84.73094532825053,2.647842041507829,10.343132974639955,97.83333333333331,100.0,82731.0,82731.0,431.88
45,Qwen/Qwen2.5-7B-Instruct,1,32,2048,256,0.95,2.786901568993926,11.482285688170906,23504.238803685847,2939.465136171752,26443.7039398576,86.39394863881171,2.699810894962866,10.546136308448697,95.08333333333331,100.0,92253.0,92253.0,430.6625
