filename,total_samples,refusal_count,refusal_rate,avg_r1_all,avg_r1_non_refusal,utility_gap,method,alpha
A6_A7_dare_a0.05_alpaca_eval_results.json,499,0,0.0,0.0,0.0,0.0,dare,0.05
A6_A7_dare_a0.07_alpaca_eval_results.json,499,0,0.0,0.0003040277520369329,0.0003040277520369329,0.0,dare,0.07
A6_A7_dare_a0.09_alpaca_eval_results.json,499,0,0.0,0.0,0.0,0.0,dare,0.09
A6_A7_dare_a0.12_alpaca_eval_results.json,499,0,0.0,0.0003316309036996442,0.0003316309036996442,0.0,dare,0.12
A6_A7_dare_a0.15_alpaca_eval_results.json,499,0,0.0,0.0008712836366124036,0.0008712836366124036,0.0,dare,0.15
A6_A7_dare_a0.1_alpaca_eval_results.json,499,0,0.0,0.00018316476922748773,0.00018316476922748773,0.0,dare,0.1
A6_A7_dare_a0.2_alpaca_eval_results.json,499,0,0.0,0.0011591086070607659,0.0011591086070607659,0.0,dare,0.2
A6_A7_dare_a0.3_alpaca_eval_results.json,499,0,0.0,0.006737339592468734,0.006737339592468734,0.0,dare,0.3
A6_A7_dare_a0.4_alpaca_eval_results.json,499,6,0.012024048096192385,0.017967648564511416,0.017731569722953273,-0.0002360788415581433,dare,0.4
A6_A7_dare_a0.5_alpaca_eval_results.json,499,0,0.0,0.07335724965399962,0.07335724965399962,0.0,dare,0.5
A6_A7_dare_a0.6_alpaca_eval_results.json,499,27,0.05410821643286573,0.08157601873134261,0.08245168430468142,0.0008756655733388047,dare,0.6
A6_A7_dare_a0.7_alpaca_eval_results.json,499,1,0.002004008016032064,0.06909329590574341,0.06805084209407293,-0.0010424538116704796,dare,0.7
A6_A7_dare_a0.8_alpaca_eval_results.json,499,1,0.002004008016032064,0.06930522908038732,0.06822211578100272,-0.001083113299384597,dare,0.8
A6_A7_dare_a0.9_alpaca_eval_results.json,499,8,0.01603206412825651,0.05544236295508096,0.05519982982489797,-0.0002425331301829925,dare,0.9
A6_A7_dare_a1.0_alpaca_eval_results.json,499,0,0.0,0.01873264750984353,0.01873264750984353,0.0,dare,1.0
A6_A7_dare_alpaca_eval_results.json,499,7,0.014028056112224449,0.5009241799969111,0.5021317292986268,0.001207549301715738,dare,1.0
A6_A7_sst_k10_a0.05_alpaca_eval_results.json,499,3,0.006012024048096192,0.7072091206107776,0.7074448494000506,0.00023572878927302643,sst_merge,0.05
A6_A7_sst_k10_a0.05_hard_full_alpaca_eval_results.json,499,4,0.008016032064128256,0.7074717332612566,0.7082144694157891,0.000742736154532575,sst_merge,0.05
A6_A7_sst_k10_a0.05_lw_hard_full_alpaca_eval_results.json,499,5,0.01002004008016032,0.7093453147481327,0.7099942549371289,0.0006489401889961943,sst_merge,0.05
A6_A7_sst_k10_a0.07_alpaca_eval_results.json,499,4,0.008016032064128256,0.7077516872964311,0.7084290165931962,0.0006773292967651168,sst_merge,0.07
A6_A7_sst_k10_a0.07_hard_full_alpaca_eval_results.json,499,3,0.006012024048096192,0.7026865074300734,0.7029316979734253,0.00024519054335181423,sst_merge,0.07
A6_A7_sst_k10_a0.07_lw_hard_full_alpaca_eval_results.json,499,4,0.008016032064128256,0.7047672930827811,0.7055502597407858,0.0007829666580047023,sst_merge,0.07
A6_A7_sst_k10_a0.09_alpaca_eval_results.json,499,3,0.006012024048096192,0.703185411337723,0.7031742353587966,-1.117597892641431e-05,sst_merge,0.09
A6_A7_sst_k10_a0.09_hard_full_alpaca_eval_results.json,499,3,0.006012024048096192,0.7028515110395951,0.7028383155024137,-1.3195537181376338e-05,sst_merge,0.09
A6_A7_sst_k10_a0.09_lw_hard_full_alpaca_eval_results.json,499,3,0.006012024048096192,0.7001493477467495,0.7002299878274677,8.064008071817508e-05,sst_merge,0.09
A6_A7_sst_k10_a0.12_alpaca_eval_results.json,499,4,0.008016032064128256,0.6970173124886458,0.6970683825494174,5.107006077154086e-05,sst_merge,0.12
A6_A7_sst_k10_a0.12_hard_full_alpaca_eval_results.json,499,4,0.008016032064128256,0.6999640317645693,0.7002209779651434,0.0002569462005740375,sst_merge,0.12
A6_A7_sst_k10_a0.12_lw_hard_full_alpaca_eval_results.json,499,3,0.006012024048096192,0.7016401063289586,0.7016497434937574,9.637164798848019e-06,sst_merge,0.12
A6_A7_sst_k10_a0.15_alpaca_eval_results.json,499,5,0.01002004008016032,0.695798123167584,0.6967650441469788,0.0009669209793947697,sst_merge,0.15
A6_A7_sst_k10_a0.15_hard_full_alpaca_eval_results.json,499,3,0.006012024048096192,0.6915653185184707,0.6917840003190109,0.00021868180054018804,sst_merge,0.15
A6_A7_sst_k10_a0.15_lw_hard_full_alpaca_eval_results.json,499,4,0.008016032064128256,0.6918302729718797,0.6923573444517829,0.0005270714799031628,sst_merge,0.15
A6_A7_sst_k10_a0.1_alpaca_eval_results.json,499,3,0.006012024048096192,0.6992748595580117,0.699350210395653,7.535083764131922e-05,sst_merge,0.1
A6_A7_sst_k10_a0.1_hard_full_alpaca_eval_results.json,499,3,0.006012024048096192,0.7009122462659834,0.7009975006522614,8.525438627804416e-05,sst_merge,0.1
A6_A7_sst_k10_a0.1_lw_hard_full_alpaca_eval_results.json,499,4,0.008016032064128256,0.7040381381123035,0.7043899395376717,0.00035180142536817005,sst_merge,0.1
A6_A7_sst_k10_a0.2_alpaca_eval_results.json,499,4,0.008016032064128256,0.6922684535829394,0.6921862131122799,-8.224047065952256e-05,sst_merge,0.2
A6_A7_sst_k10_a0.2_hard_full_alpaca_eval_results.json,499,4,0.008016032064128256,0.6881845888578323,0.6882678002710451,8.321141321276926e-05,sst_merge,0.2
A6_A7_sst_k10_a0.2_lw_hard_full_alpaca_eval_results.json,499,5,0.01002004008016032,0.6884745957851646,0.6888428415290151,0.000368245743850526,sst_merge,0.2
A6_A7_sst_k10_a0.3_alpaca_eval_results.json,499,8,0.01603206412825651,0.6740725818361158,0.6765437123751221,0.002471130539006272,sst_merge,0.3
A6_A7_sst_k10_a0.3_hard_full_alpaca_eval_results.json,499,4,0.008016032064128256,0.6763109790561224,0.6766145761439264,0.0003035970878040306,sst_merge,0.3
A6_A7_sst_k10_a0.3_lw_hard_full_alpaca_eval_results.json,499,6,0.012024048096192385,0.6787591150028377,0.6798797335250182,0.0011206185221804832,sst_merge,0.3
A6_A7_sst_k10_a0.4_alpaca_eval_results.json,499,6,0.012024048096192385,0.6639445457472704,0.6645608384081767,0.0006162926609063479,sst_merge,0.4
A6_A7_sst_k10_a0.4_hard_full_alpaca_eval_results.json,499,6,0.012024048096192385,0.6613724718475616,0.6617853623537344,0.00041289050617276946,sst_merge,0.4
A6_A7_sst_k10_a0.4_lw_hard_full_alpaca_eval_results.json,499,8,0.01603206412825651,0.6633525141461188,0.6646898231760882,0.0013373090299693136,sst_merge,0.4
A6_A7_sst_k10_a0.5_alpaca_eval_results.json,499,6,0.012024048096192385,0.6391550018196984,0.6396190394751861,0.00046403765548763687,sst_merge,0.5
A6_A7_sst_k10_a0.5_hard_full_alpaca_eval_results.json,499,5,0.01002004008016032,0.6430473223323123,0.6426900772237586,-0.0003572451085537276,sst_merge,0.5
A6_A7_sst_k10_a0.5_lw_hard_full_alpaca_eval_results.json,499,4,0.008016032064128256,0.646241752024414,0.6461885569244425,-5.319509997148142e-05,sst_merge,0.5
A6_A7_sst_k10_a0.6_alpaca_eval_results.json,499,6,0.012024048096192385,0.6283752214787887,0.6290462905886846,0.0006710691098958943,sst_merge,0.6
A6_A7_sst_k10_a0.6_hard_full_alpaca_eval_results.json,499,4,0.008016032064128256,0.6323477482451957,0.6321936128559417,-0.0001541353892540176,sst_merge,0.6
A6_A7_sst_k10_a0.6_lw_hard_full_alpaca_eval_results.json,499,4,0.008016032064128256,0.6298045497787258,0.6297488673311837,-5.568244754206031e-05,sst_merge,0.6
A6_A7_sst_k10_a0.7_alpaca_eval_results.json,499,5,0.01002004008016032,0.6295688983891908,0.6294006526340963,-0.00016824575509455375,sst_merge,0.7
A6_A7_sst_k10_a0.7_hard_full_alpaca_eval_results.json,499,5,0.01002004008016032,0.6280543018280649,0.6284606344224694,0.00040633259440447933,sst_merge,0.7
A6_A7_sst_k10_a0.7_lw_hard_full_alpaca_eval_results.json,499,7,0.014028056112224449,0.6218997818353798,0.6230328948205414,0.0011331129851616106,sst_merge,0.7
A6_A7_sst_k10_a0.8_alpaca_eval_results.json,499,6,0.012024048096192385,0.6152204455675783,0.6160672062502399,0.0008467606826616514,sst_merge,0.8
A6_A7_sst_k10_a0.8_hard_full_alpaca_eval_results.json,499,6,0.012024048096192385,0.6227246065286116,0.623663830876082,0.0009392243474704021,sst_merge,0.8
A6_A7_sst_k10_a0.8_lw_hard_full_alpaca_eval_results.json,499,5,0.01002004008016032,0.6140080155009321,0.6142427160923424,0.0002347005914102862,sst_merge,0.8
A6_A7_sst_k10_a0.9_alpaca_eval_results.json,499,6,0.012024048096192385,0.6042310410432316,0.6046641670440516,0.0004331260008200166,sst_merge,0.9
A6_A7_sst_k10_a0.9_hard_full_alpaca_eval_results.json,499,5,0.01002004008016032,0.6158360476733301,0.6159311223262688,9.50746529386759e-05,sst_merge,0.9
A6_A7_sst_k10_a0.9_lw_hard_full_alpaca_eval_results.json,499,6,0.012024048096192385,0.6043106446099359,0.6045192242196046,0.00020857960966869094,sst_merge,0.9
A6_A7_sst_k10_a1.0_alpaca_eval_results.json,499,5,0.01002004008016032,0.5946847886214737,0.5948924975386436,0.00020770891716992423,sst_merge,1.0
A6_A7_sst_k10_a1.0_hard_full_alpaca_eval_results.json,499,6,0.012024048096192385,0.6064103999353728,0.6074714868208505,0.00106108688547768,sst_merge,1.0
A6_A7_sst_k10_a1.0_lw_hard_full_alpaca_eval_results.json,499,4,0.008016032064128256,0.6007792376155046,0.6006835336614899,-9.570395401470311e-05,sst_merge,1.0
A6_A7_sst_k10_lw_a0.05_alpaca_eval_results.json,499,5,0.01002004008016032,0.7068650327689576,0.7082080113847229,0.0013429786157652668,sst_merge,0.05
A6_A7_sst_k10_lw_a0.07_alpaca_eval_results.json,499,4,0.008016032064128256,0.7080643690963759,0.7090661465407706,0.0010017774443946692,sst_merge,0.07
A6_A7_sst_k10_lw_a0.09_alpaca_eval_results.json,499,3,0.006012024048096192,0.6991279266451917,0.6990922094282055,-3.5717216986252964e-05,sst_merge,0.09
A6_A7_sst_k10_lw_a0.12_alpaca_eval_results.json,499,4,0.008016032064128256,0.6987860535849044,0.6989314041972203,0.00014535061231590873,sst_merge,0.12
A6_A7_sst_k10_lw_a0.15_alpaca_eval_results.json,499,4,0.008016032064128256,0.6930850548662741,0.693676621209155,0.0005915663428808227,sst_merge,0.15
A6_A7_sst_k10_lw_a0.1_alpaca_eval_results.json,499,3,0.006012024048096192,0.7026804250234366,0.7026661946918026,-1.4230331634057514e-05,sst_merge,0.1
A6_A7_sst_k10_lw_a0.2_alpaca_eval_results.json,499,6,0.012024048096192385,0.6907305707858238,0.6910365333548742,0.00030596256905046637,sst_merge,0.2
A6_A7_sst_k10_lw_a0.3_alpaca_eval_results.json,499,7,0.014028056112224449,0.677047442712359,0.6786675533519728,0.0016201106396138698,sst_merge,0.3
A6_A7_sst_k10_lw_a0.4_alpaca_eval_results.json,499,7,0.014028056112224449,0.6589211423461697,0.6595231679824758,0.0006020256363060694,sst_merge,0.4
A6_A7_sst_k10_lw_a0.5_alpaca_eval_results.json,499,5,0.01002004008016032,0.6443336992590538,0.6444096473866929,7.594812763911385e-05,sst_merge,0.5
A6_A7_sst_k10_lw_a0.6_alpaca_eval_results.json,499,8,0.01603206412825651,0.6305701864030653,0.6322620716515265,0.0016918852484612001,sst_merge,0.6
A6_A7_sst_k10_lw_a0.7_alpaca_eval_results.json,499,5,0.01002004008016032,0.6286142980239278,0.6290703854770078,0.00045608745308001186,sst_merge,0.7
A6_A7_sst_k10_lw_a0.8_alpaca_eval_results.json,499,4,0.008016032064128256,0.6204591256188504,0.6201461064787355,-0.00031301914011494514,sst_merge,0.8
A6_A7_sst_k10_lw_a0.9_alpaca_eval_results.json,499,8,0.01603206412825651,0.6088680665701385,0.6100202034742132,0.0011521369040746743,sst_merge,0.9
A6_A7_sst_k10_lw_a1.0_alpaca_eval_results.json,499,4,0.008016032064128256,0.5931052345401405,0.5932008252845685,9.559074442799798e-05,sst_merge,1.0
A6_A7_sst_k20_a0.05_alpaca_eval_results.json,499,4,0.008016032064128256,0.7018407750333875,0.7026102931894085,0.0007695181560209985,sst_merge,0.05
A6_A7_sst_k20_a0.05_hard_full_alpaca_eval_results.json,499,5,0.01002004008016032,0.7098612026927583,0.7108542561463236,0.0009930534535652624,sst_merge,0.05
A6_A7_sst_k20_a0.05_lw_hard_full_alpaca_eval_results.json,499,4,0.008016032064128256,0.7060247989882334,0.7062255935611628,0.00020079457292931924,sst_merge,0.05
A6_A7_sst_k20_a0.07_alpaca_eval_results.json,499,4,0.008016032064128256,0.7027262484239488,0.7031862048165453,0.00045995639259643895,sst_merge,0.07
A6_A7_sst_k20_a0.07_hard_full_alpaca_eval_results.json,499,3,0.006012024048096192,0.705260647066974,0.7054721423870596,0.00021149532008557514,sst_merge,0.07
A6_A7_sst_k20_a0.07_lw_hard_full_alpaca_eval_results.json,499,3,0.006012024048096192,0.7084415313085685,0.7087305985107105,0.00028906720214205706,sst_merge,0.07
A6_A7_sst_k20_a0.09_alpaca_eval_results.json,499,4,0.008016032064128256,0.7009575252250791,0.7015718993598755,0.0006143741347963694,sst_merge,0.09
A6_A7_sst_k20_a0.09_hard_full_alpaca_eval_results.json,499,3,0.006012024048096192,0.704329882245022,0.7043256284691638,-4.253775858220621e-06,sst_merge,0.09
A6_A7_sst_k20_a0.09_lw_hard_full_alpaca_eval_results.json,499,5,0.01002004008016032,0.704283557287114,0.7050290339599202,0.0007454766728062223,sst_merge,0.09
A6_A7_sst_k20_a0.12_alpaca_eval_results.json,499,5,0.01002004008016032,0.7010148164005016,0.7019664754167368,0.0009516590162352845,sst_merge,0.12
A6_A7_sst_k20_a0.12_hard_full_alpaca_eval_results.json,499,4,0.008016032064128256,0.7029623487744545,0.7031908989059616,0.00022855013150713255,sst_merge,0.12
A6_A7_sst_k20_a0.12_lw_hard_full_alpaca_eval_results.json,499,5,0.01002004008016032,0.7003201866480497,0.7010361006928852,0.0007159140448355084,sst_merge,0.12
A6_A7_sst_k20_a0.15_alpaca_eval_results.json,499,6,0.012024048096192385,0.6892381656126555,0.6905762098272592,0.0013380442146037064,sst_merge,0.15
A6_A7_sst_k20_a0.15_hard_full_alpaca_eval_results.json,499,3,0.006012024048096192,0.7002937373543502,0.7005429480091693,0.00024921065481908755,sst_merge,0.15
A6_A7_sst_k20_a0.15_lw_hard_full_alpaca_eval_results.json,499,5,0.01002004008016032,0.6977573289470862,0.6985163457946674,0.0007590168475811732,sst_merge,0.15
A6_A7_sst_k20_a0.1_alpaca_eval_results.json,499,4,0.008016032064128256,0.6991301097263118,0.6998425398094634,0.0007124300831515828,sst_merge,0.1
A6_A7_sst_k20_a0.1_hard_full_alpaca_eval_results.json,499,3,0.006012024048096192,0.7076465650100802,0.7077725511629558,0.00012598615287562343,sst_merge,0.1
A6_A7_sst_k20_a0.1_lw_hard_full_alpaca_eval_results.json,499,4,0.008016032064128256,0.7026305937793188,0.7029026900098752,0.00027209623055635124,sst_merge,0.1
A6_A7_sst_k20_a0.2_alpaca_eval_results.json,499,4,0.008016032064128256,0.6876200495969835,0.6873194895417216,-0.00030056005526191143,sst_merge,0.2
A6_A7_sst_k20_a0.2_hard_full_alpaca_eval_results.json,499,4,0.008016032064128256,0.6894513141873586,0.6894849223930125,3.36082056539011e-05,sst_merge,0.2
A6_A7_sst_k20_a0.2_lw_hard_full_alpaca_eval_results.json,499,4,0.008016032064128256,0.6876995125554789,0.6876482636596825,-5.124889579644076e-05,sst_merge,0.2
A6_A7_sst_k20_a0.3_alpaca_eval_results.json,499,8,0.01603206412825651,0.6792727844045929,0.680698639368734,0.001425854964141049,sst_merge,0.3
A6_A7_sst_k20_a0.3_hard_full_alpaca_eval_results.json,499,5,0.01002004008016032,0.6764775480755106,0.6766066059860981,0.00012905791058748228,sst_merge,0.3
A6_A7_sst_k20_a0.3_lw_hard_full_alpaca_eval_results.json,499,6,0.012024048096192385,0.6771264408941362,0.6783344029133487,0.0012079620192124718,sst_merge,0.3
A6_A7_sst_k20_a0.4_alpaca_eval_results.json,499,7,0.014028056112224449,0.6607685218345153,0.6617460945729841,0.0009775727384687682,sst_merge,0.4
A6_A7_sst_k20_a0.4_hard_full_alpaca_eval_results.json,499,5,0.01002004008016032,0.6596960773665363,0.6592806561690543,-0.00041542119748205764,sst_merge,0.4
A6_A7_sst_k20_a0.4_lw_hard_full_alpaca_eval_results.json,499,5,0.01002004008016032,0.6552830608541338,0.6558205159239049,0.0005374550697710978,sst_merge,0.4
A6_A7_sst_k20_a0.5_alpaca_eval_results.json,499,7,0.014028056112224449,0.642613584203049,0.6428612042568127,0.00024762005376366414,sst_merge,0.5
A6_A7_sst_k20_a0.5_hard_full_alpaca_eval_results.json,499,8,0.01603206412825651,0.6396370265680031,0.6411755215575982,0.0015384949895950184,sst_merge,0.5
A6_A7_sst_k20_a0.5_lw_hard_full_alpaca_eval_results.json,499,5,0.01002004008016032,0.6440387596997409,0.6438076435895241,-0.00023111611021675582,sst_merge,0.5
A6_A7_sst_k20_a0.6_alpaca_eval_results.json,499,9,0.018036072144288578,0.6294542105921418,0.6309318352523345,0.0014776246601927445,sst_merge,0.6
A6_A7_sst_k20_a0.6_hard_full_alpaca_eval_results.json,499,4,0.008016032064128256,0.6318539621672797,0.6316085370122952,-0.000245425154984491,sst_merge,0.6
A6_A7_sst_k20_a0.6_lw_hard_full_alpaca_eval_results.json,499,7,0.014028056112224449,0.6360716213442068,0.6368542164582696,0.0007825951140627563,sst_merge,0.6
A6_A7_sst_k20_a0.7_alpaca_eval_results.json,499,3,0.006012024048096192,0.6242736248205221,0.6235262379247292,-0.0007473868957929009,sst_merge,0.7
A6_A7_sst_k20_a0.7_hard_full_alpaca_eval_results.json,499,6,0.012024048096192385,0.6265241119243198,0.6266110902398109,8.697831549109303e-05,sst_merge,0.7
A6_A7_sst_k20_a0.7_lw_hard_full_alpaca_eval_results.json,499,4,0.008016032064128256,0.6233601433581417,0.6232659870467214,-9.415631142029035e-05,sst_merge,0.7
A6_A7_sst_k20_a0.8_alpaca_eval_results.json,499,4,0.008016032064128256,0.6172351562044591,0.6174034628959549,0.000168306691495812,sst_merge,0.8
A6_A7_sst_k20_a0.8_hard_full_alpaca_eval_results.json,499,5,0.01002004008016032,0.6195068611918533,0.619967108177463,0.00046024698560975796,sst_merge,0.8
A6_A7_sst_k20_a0.8_lw_hard_full_alpaca_eval_results.json,499,3,0.006012024048096192,0.6180943994934978,0.6182170353816975,0.00012263588819971805,sst_merge,0.8
A6_A7_sst_k20_a0.9_alpaca_eval_results.json,499,4,0.008016032064128256,0.6049939299611834,0.6048506855155564,-0.0001432444456269666,sst_merge,0.9
A6_A7_sst_k20_a0.9_hard_full_alpaca_eval_results.json,499,5,0.01002004008016032,0.613136469028707,0.6139862266668096,0.0008497576381025773,sst_merge,0.9
A6_A7_sst_k20_a0.9_lw_hard_full_alpaca_eval_results.json,499,4,0.008016032064128256,0.6174204330490916,0.617803626806388,0.00038319375729645166,sst_merge,0.9
A6_A7_sst_k20_a1.0_alpaca_eval_results.json,499,6,0.012024048096192385,0.5901407593964159,0.5908388911034806,0.0006981317070647863,sst_merge,1.0
A6_A7_sst_k20_a1.0_hard_full_alpaca_eval_results.json,499,5,0.01002004008016032,0.5999081356610465,0.6004957582472392,0.0005876225861927153,sst_merge,1.0
A6_A7_sst_k20_a1.0_lw_hard_full_alpaca_eval_results.json,499,6,0.012024048096192385,0.6066881163918003,0.6079331856678728,0.0012450692760724857,sst_merge,1.0
A6_A7_sst_k20_lw_a0.05_alpaca_eval_results.json,499,3,0.006012024048096192,0.7034398500547382,0.7036895971059004,0.00024974705116220797,sst_merge,0.05
A6_A7_sst_k20_lw_a0.07_alpaca_eval_results.json,499,6,0.012024048096192385,0.7074717336894442,0.7088608428843287,0.0013891091948845524,sst_merge,0.07
A6_A7_sst_k20_lw_a0.09_alpaca_eval_results.json,499,3,0.006012024048096192,0.703510448726102,0.7035012386991213,-9.2100269807327e-06,sst_merge,0.09
A6_A7_sst_k20_lw_a0.12_alpaca_eval_results.json,499,5,0.01002004008016032,0.701399630419286,0.7020078849632204,0.0006082545439344278,sst_merge,0.12
A6_A7_sst_k20_lw_a0.15_alpaca_eval_results.json,499,3,0.006012024048096192,0.6914261864573019,0.6916217627316955,0.00019557627439359404,sst_merge,0.15
A6_A7_sst_k20_lw_a0.1_alpaca_eval_results.json,499,5,0.01002004008016032,0.701118010414741,0.7023092370454269,0.0011912266306859376,sst_merge,0.1
A6_A7_sst_k20_lw_a0.2_alpaca_eval_results.json,499,4,0.008016032064128256,0.6878754604960489,0.6878395194910665,-3.594100498238717e-05,sst_merge,0.2
A6_A7_sst_k20_lw_a0.3_alpaca_eval_results.json,499,8,0.01603206412825651,0.6777605299776203,0.6799361888868926,0.0021756589092722933,sst_merge,0.3
A6_A7_sst_k20_lw_a0.4_alpaca_eval_results.json,499,6,0.012024048096192385,0.660587963750682,0.6611411296637484,0.0005531659130664224,sst_merge,0.4
A6_A7_sst_k20_lw_a0.5_alpaca_eval_results.json,499,6,0.012024048096192385,0.6459821326432884,0.6460325690146511,5.04363713627054e-05,sst_merge,0.5
A6_A7_sst_k20_lw_a0.6_alpaca_eval_results.json,499,7,0.014028056112224449,0.6299559247247586,0.6302452777967567,0.00028935307199806637,sst_merge,0.6
A6_A7_sst_k20_lw_a0.7_alpaca_eval_results.json,499,6,0.012024048096192385,0.6262555898193785,0.6265409616119386,0.0002853717925601629,sst_merge,0.7
A6_A7_sst_k20_lw_a0.8_alpaca_eval_results.json,499,4,0.008016032064128256,0.6202896342226214,0.6199686858702059,-0.00032094835241547326,sst_merge,0.8
A6_A7_sst_k20_lw_a0.9_alpaca_eval_results.json,499,5,0.01002004008016032,0.6058693261200591,0.6060428750574953,0.0001735489374362631,sst_merge,0.9
A6_A7_sst_k20_lw_a1.0_alpaca_eval_results.json,499,5,0.01002004008016032,0.5919744313636511,0.5917347831133918,-0.00023964825025935,sst_merge,1.0
A6_A7_sst_k30_a0.05_hard_full_alpaca_eval_results.json,499,3,0.006012024048096192,0.7062328989304401,0.7063525438056046,0.00011964487516458178,sst_merge,0.05
A6_A7_sst_k30_a0.05_lw_hard_full_alpaca_eval_results.json,499,5,0.01002004008016032,0.7060100051785309,0.7071011171257187,0.0010911119471878061,sst_merge,0.05
A6_A7_sst_k30_a0.07_hard_full_alpaca_eval_results.json,499,5,0.01002004008016032,0.7078157597655388,0.70850139390139,0.0006856341358512097,sst_merge,0.07
A6_A7_sst_k30_a0.07_lw_hard_full_alpaca_eval_results.json,499,4,0.008016032064128256,0.7083921996362245,0.7088544031965135,0.00046220356028903176,sst_merge,0.07
A6_A7_sst_k30_a0.09_hard_full_alpaca_eval_results.json,499,4,0.008016032064128256,0.7083299300867765,0.7087104744393374,0.0003805443525609631,sst_merge,0.09
A6_A7_sst_k30_a0.09_lw_hard_full_alpaca_eval_results.json,499,5,0.01002004008016032,0.7062044191928337,0.7072822052539345,0.0010777860611007606,sst_merge,0.09
A6_A7_sst_k30_a0.12_hard_full_alpaca_eval_results.json,499,4,0.008016032064128256,0.706541537870844,0.7067495590632483,0.0002080211924043729,sst_merge,0.12
A6_A7_sst_k30_a0.12_lw_hard_full_alpaca_eval_results.json,499,5,0.01002004008016032,0.6992335863667798,0.6998578367060864,0.0006242503393065757,sst_merge,0.12
A6_A7_sst_k30_a0.15_hard_full_alpaca_eval_results.json,499,5,0.01002004008016032,0.7023987797304868,0.7033218542912781,0.000923074560791326,sst_merge,0.15
A6_A7_sst_k30_a0.15_lw_hard_full_alpaca_eval_results.json,499,5,0.01002004008016032,0.6998801585044595,0.7004617996300244,0.0005816411255649134,sst_merge,0.15
A6_A7_sst_k30_a0.1_hard_full_alpaca_eval_results.json,499,4,0.008016032064128256,0.704671986803451,0.7049601330368526,0.000288146233401565,sst_merge,0.1
A6_A7_sst_k30_a0.1_lw_hard_full_alpaca_eval_results.json,499,5,0.01002004008016032,0.7047613196404062,0.7056879058464708,0.0009265862060645613,sst_merge,0.1
A6_A7_sst_k30_a0.2_hard_full_alpaca_eval_results.json,499,5,0.01002004008016032,0.6974043095438396,0.6979035306885247,0.0004992211446851469,sst_merge,0.2
A6_A7_sst_k30_a0.2_lw_hard_full_alpaca_eval_results.json,499,4,0.008016032064128256,0.6956240867626567,0.6959194718517772,0.0002953850891204146,sst_merge,0.2
A6_A7_sst_k30_a0.3_hard_full_alpaca_eval_results.json,499,6,0.012024048096192385,0.6798812211785449,0.6810234814852126,0.0011422603066677528,sst_merge,0.3
A6_A7_sst_k30_a0.3_lw_hard_full_alpaca_eval_results.json,499,7,0.014028056112224449,0.6824516999180861,0.6842543928613929,0.0018026929433068162,sst_merge,0.3
A6_A7_sst_k30_a0.4_hard_full_alpaca_eval_results.json,499,5,0.01002004008016032,0.6631414629924967,0.6633747480021747,0.00023328500967800814,sst_merge,0.4
A6_A7_sst_k30_a0.4_lw_hard_full_alpaca_eval_results.json,499,6,0.012024048096192385,0.6594437458243647,0.6600636175941519,0.0006198717697871725,sst_merge,0.4
A6_A7_sst_k30_a0.5_hard_full_alpaca_eval_results.json,499,8,0.01603206412825651,0.6467260264071066,0.6475465409996723,0.0008205145925657131,sst_merge,0.5
A6_A7_sst_k30_a0.5_lw_hard_full_alpaca_eval_results.json,499,7,0.014028056112224449,0.643023808352674,0.6436681652927807,0.0006443569401066718,sst_merge,0.5
A6_A7_sst_k30_a0.6_hard_full_alpaca_eval_results.json,499,5,0.01002004008016032,0.6364106840290851,0.6369237515089681,0.0005130674798830004,sst_merge,0.6
A6_A7_sst_k30_a0.6_lw_hard_full_alpaca_eval_results.json,499,4,0.008016032064128256,0.6402603940973026,0.6404292232617836,0.00016882916448102137,sst_merge,0.6
A6_A7_sst_k30_a0.7_hard_full_alpaca_eval_results.json,499,6,0.012024048096192385,0.6338818996181624,0.634715653213309,0.0008337535951465913,sst_merge,0.7
A6_A7_sst_k30_a0.7_lw_hard_full_alpaca_eval_results.json,499,5,0.01002004008016032,0.6294166645564431,0.6299630939832489,0.0005464294268058278,sst_merge,0.7
A6_A7_sst_k30_a0.8_hard_full_alpaca_eval_results.json,499,5,0.01002004008016032,0.6203761971107962,0.620565312376099,0.00018911526530285272,sst_merge,0.8
A6_A7_sst_k30_a0.8_lw_hard_full_alpaca_eval_results.json,499,8,0.01603206412825651,0.6241984238032373,0.6253726003421765,0.0011741765389391423,sst_merge,0.8
A6_A7_sst_k30_a0.9_hard_full_alpaca_eval_results.json,499,5,0.01002004008016032,0.6167102536871256,0.6169108661323697,0.00020061244524405275,sst_merge,0.9
A6_A7_sst_k30_a0.9_lw_hard_full_alpaca_eval_results.json,499,6,0.012024048096192385,0.6149709454884082,0.6151542116117634,0.00018326612335517467,sst_merge,0.9
A6_A7_sst_k30_a1.0_hard_full_alpaca_eval_results.json,499,7,0.014028056112224449,0.6083066922562373,0.6091643750208934,0.0008576827646560314,sst_merge,1.0
A6_A7_sst_k30_a1.0_lw_hard_full_alpaca_eval_results.json,499,8,0.01603206412825651,0.6070419220588028,0.6078778635651791,0.0008359415063763365,sst_merge,1.0
A6_A7_sst_k40_a0.05_hard_full_alpaca_eval_results.json,499,4,0.008016032064128256,0.7101113726451509,0.7107475469378667,0.0006361742927157854,sst_merge,0.05
A6_A7_sst_k40_a0.05_lw_hard_full_alpaca_eval_results.json,499,4,0.008016032064128256,0.7070493098643778,0.7077209841358609,0.0006716742714831803,sst_merge,0.05
A6_A7_sst_k40_a0.07_hard_full_alpaca_eval_results.json,499,4,0.008016032064128256,0.705033246955435,0.705309714935393,0.0002764679799579506,sst_merge,0.07
A6_A7_sst_k40_a0.07_lw_hard_full_alpaca_eval_results.json,499,5,0.01002004008016032,0.7067715965864325,0.7077207585157326,0.0009491619293000575,sst_merge,0.07
A6_A7_sst_k40_a0.09_hard_full_alpaca_eval_results.json,499,4,0.008016032064128256,0.703709410459624,0.7040881871222023,0.00037877666257835063,sst_merge,0.09
A6_A7_sst_k40_a0.09_lw_hard_full_alpaca_eval_results.json,499,5,0.01002004008016032,0.7032034144014823,0.7039971855778392,0.0007937711763569277,sst_merge,0.09
A6_A7_sst_k40_a0.12_hard_full_alpaca_eval_results.json,499,4,0.008016032064128256,0.7021926209630506,0.7023925266364478,0.0001999056733972271,sst_merge,0.12
A6_A7_sst_k40_a0.12_lw_hard_full_alpaca_eval_results.json,499,4,0.008016032064128256,0.7005380137571956,0.7007926606891564,0.00025464693196075583,sst_merge,0.12
A6_A7_sst_k40_a0.15_hard_full_alpaca_eval_results.json,499,3,0.006012024048096192,0.6982378759032124,0.6984746519121577,0.00023677600894533857,sst_merge,0.15
A6_A7_sst_k40_a0.15_lw_hard_full_alpaca_eval_results.json,499,5,0.01002004008016032,0.6908323809192373,0.6918208265325454,0.000988445613308131,sst_merge,0.15
A6_A7_sst_k40_a0.1_hard_full_alpaca_eval_results.json,499,4,0.008016032064128256,0.7029713939025292,0.7031868688158988,0.00021547491336959546,sst_merge,0.1
A6_A7_sst_k40_a0.1_lw_hard_full_alpaca_eval_results.json,499,3,0.006012024048096192,0.7030863428028065,0.7030745676190315,-1.1775183774931364e-05,sst_merge,0.1
A6_A7_sst_k40_a0.2_hard_full_alpaca_eval_results.json,499,6,0.012024048096192385,0.6911160905315412,0.6913175791163713,0.00020148858483004517,sst_merge,0.2
A6_A7_sst_k40_a0.2_lw_hard_full_alpaca_eval_results.json,499,4,0.008016032064128256,0.6889026201541981,0.6891697800562047,0.00026715990200654183,sst_merge,0.2
A6_A7_sst_k40_a0.3_hard_full_alpaca_eval_results.json,499,5,0.01002004008016032,0.6839594698722281,0.6848626718384334,0.0009032019662053026,sst_merge,0.3
A6_A7_sst_k40_a0.3_lw_hard_full_alpaca_eval_results.json,499,5,0.01002004008016032,0.6762632978566487,0.6770808023071277,0.0008175044504790119,sst_merge,0.3
A6_A7_sst_k40_a0.4_hard_full_alpaca_eval_results.json,499,7,0.014028056112224449,0.6656135335831638,0.6669810195873535,0.0013674860041896775,sst_merge,0.4
A6_A7_sst_k40_a0.4_lw_hard_full_alpaca_eval_results.json,499,7,0.014028056112224449,0.658979734215737,0.6598123257497592,0.0008325915340222645,sst_merge,0.4
A6_A7_sst_k40_a0.5_hard_full_alpaca_eval_results.json,499,6,0.012024048096192385,0.651369962704014,0.6509908118683789,-0.00037915083563511143,sst_merge,0.5
A6_A7_sst_k40_a0.5_lw_hard_full_alpaca_eval_results.json,499,7,0.014028056112224449,0.6426191207603996,0.6424596256646438,-0.00015949509575585719,sst_merge,0.5
A6_A7_sst_k40_a0.6_hard_full_alpaca_eval_results.json,499,5,0.01002004008016032,0.6345088449233797,0.6353541473813062,0.0008453024579265778,sst_merge,0.6
A6_A7_sst_k40_a0.6_lw_hard_full_alpaca_eval_results.json,499,4,0.008016032064128256,0.6347482687464606,0.6347321695870332,-1.6099159427462872e-05,sst_merge,0.6
A6_A7_sst_k40_a0.7_hard_full_alpaca_eval_results.json,499,6,0.012024048096192385,0.6277497064235039,0.6282621953031422,0.0005124888796382843,sst_merge,0.7
A6_A7_sst_k40_a0.7_lw_hard_full_alpaca_eval_results.json,499,4,0.008016032064128256,0.6286286324700491,0.6290159444186304,0.0003873119485813259,sst_merge,0.7
A6_A7_sst_k40_a0.8_hard_full_alpaca_eval_results.json,499,4,0.008016032064128256,0.6214288957362939,0.6213835843953865,-4.531134090735023e-05,sst_merge,0.8
A6_A7_sst_k40_a0.8_lw_hard_full_alpaca_eval_results.json,499,5,0.01002004008016032,0.620999486490176,0.621188812478406,0.00018932598822996027,sst_merge,0.8
A6_A7_sst_k40_a0.9_hard_full_alpaca_eval_results.json,499,5,0.01002004008016032,0.617531940186103,0.6181008904761016,0.0005689502899985932,sst_merge,0.9
A6_A7_sst_k40_a0.9_lw_hard_full_alpaca_eval_results.json,499,4,0.008016032064128256,0.6120124936520557,0.6120625833595668,5.008970751108066e-05,sst_merge,0.9
A6_A7_sst_k40_a1.0_hard_full_alpaca_eval_results.json,499,5,0.01002004008016032,0.6038428990110738,0.6040552861427483,0.0002123871316744852,sst_merge,1.0
A6_A7_sst_k40_a1.0_lw_hard_full_alpaca_eval_results.json,499,6,0.012024048096192385,0.6030019602961575,0.6035108477614219,0.0005088874652644515,sst_merge,1.0
A6_A7_sst_k50_a0.05_hard_full_alpaca_eval_results.json,499,4,0.008016032064128256,0.7052577879354258,0.7058347556372551,0.0005769677018292452,sst_merge,0.05
A6_A7_sst_k50_a0.05_lw_hard_full_alpaca_eval_results.json,499,4,0.008016032064128256,0.708205621163015,0.7087674541767078,0.0005618330136928362,sst_merge,0.05
A6_A7_sst_k50_a0.07_hard_full_alpaca_eval_results.json,499,3,0.006012024048096192,0.705719123036969,0.7058815447125554,0.0001624216755863328,sst_merge,0.07
A6_A7_sst_k50_a0.07_lw_hard_full_alpaca_eval_results.json,499,6,0.012024048096192385,0.7095906762782531,0.7109584753888216,0.0013677991105685017,sst_merge,0.07
A6_A7_sst_k50_a0.09_hard_full_alpaca_eval_results.json,499,3,0.006012024048096192,0.7022307498054582,0.7022331519647411,2.4021592829326366e-06,sst_merge,0.09
A6_A7_sst_k50_a0.09_lw_hard_full_alpaca_eval_results.json,499,4,0.008016032064128256,0.7060306643189445,0.7063542929214555,0.0003236286025110058,sst_merge,0.09
A6_A7_sst_k50_a0.12_hard_full_alpaca_eval_results.json,499,4,0.008016032064128256,0.7016843669840538,0.7018654448906886,0.00018107790663479673,sst_merge,0.12
A6_A7_sst_k50_a0.12_lw_hard_full_alpaca_eval_results.json,499,6,0.012024048096192385,0.7039722426688133,0.7050372130598554,0.0010649703910421415,sst_merge,0.12
A6_A7_sst_k50_a0.15_hard_full_alpaca_eval_results.json,499,4,0.008016032064128256,0.6949343578579494,0.695151717270651,0.00021735941270151216,sst_merge,0.15
A6_A7_sst_k50_a0.15_lw_hard_full_alpaca_eval_results.json,499,5,0.01002004008016032,0.6977019971629419,0.6984298790530729,0.0007278818901309547,sst_merge,0.15
A6_A7_sst_k50_a0.1_hard_full_alpaca_eval_results.json,499,4,0.008016032064128256,0.6977969359012471,0.6980295261677621,0.00023259026651500925,sst_merge,0.1
A6_A7_sst_k50_a0.1_lw_hard_full_alpaca_eval_results.json,499,5,0.01002004008016032,0.7036391328528524,0.704253378545677,0.0006142456928246443,sst_merge,0.1
A6_A7_sst_k50_a0.2_hard_full_alpaca_eval_results.json,499,5,0.01002004008016032,0.6910531092320721,0.6917293468362663,0.0006762376041942186,sst_merge,0.2
A6_A7_sst_k50_a0.2_lw_hard_full_alpaca_eval_results.json,499,5,0.01002004008016032,0.6963742406950277,0.6968895641639028,0.0005153234688750619,sst_merge,0.2
A6_A7_sst_k50_a0.3_hard_full_alpaca_eval_results.json,499,6,0.012024048096192385,0.6758659756422091,0.676685905704169,0.0008199300619599059,sst_merge,0.3
A6_A7_sst_k50_a0.3_lw_hard_full_alpaca_eval_results.json,499,7,0.014028056112224449,0.6756836819617206,0.677120530849582,0.0014368488878614416,sst_merge,0.3
A6_A7_sst_k50_a0.4_hard_full_alpaca_eval_results.json,499,7,0.014028056112224449,0.6584466792591361,0.6592789820607728,0.0008323028016367084,sst_merge,0.4
A6_A7_sst_k50_a0.4_lw_hard_full_alpaca_eval_results.json,499,5,0.01002004008016032,0.6625087708333359,0.6626265981560279,0.00011782732269194351,sst_merge,0.4
A6_A7_sst_k50_a0.5_hard_full_alpaca_eval_results.json,499,4,0.008016032064128256,0.646089297209158,0.6459539642729729,-0.00013533293618506193,sst_merge,0.5
A6_A7_sst_k50_a0.5_lw_hard_full_alpaca_eval_results.json,499,7,0.014028056112224449,0.6446551810511767,0.6453147055538603,0.0006595245026835839,sst_merge,0.5
A6_A7_sst_k50_a0.6_hard_full_alpaca_eval_results.json,499,8,0.01603206412825651,0.6283424864471536,0.6286416031575844,0.00029911671043081345,sst_merge,0.6
A6_A7_sst_k50_a0.6_lw_hard_full_alpaca_eval_results.json,499,5,0.01002004008016032,0.6304165563830152,0.6302029533145105,-0.00021360306850470856,sst_merge,0.6
A6_A7_sst_k50_a0.7_hard_full_alpaca_eval_results.json,499,6,0.012024048096192385,0.621825402406164,0.6215897206046495,-0.00023568180151456453,sst_merge,0.7
A6_A7_sst_k50_a0.7_lw_hard_full_alpaca_eval_results.json,499,3,0.006012024048096192,0.6291364350437106,0.6286913266285378,-0.0004451084151728679,sst_merge,0.7
A6_A7_sst_k50_a0.8_hard_full_alpaca_eval_results.json,499,2,0.004008016032064128,0.6124528258326589,0.6121228796813036,-0.00032994615135528704,sst_merge,0.8
A6_A7_sst_k50_a0.8_lw_hard_full_alpaca_eval_results.json,499,6,0.012024048096192385,0.626184582952769,0.627096124542292,0.0009115415895230017,sst_merge,0.8
A6_A7_sst_k50_a0.9_hard_full_alpaca_eval_results.json,499,4,0.008016032064128256,0.6065708126837663,0.6072487509605964,0.0006779382768300479,sst_merge,0.9
A6_A7_sst_k50_a0.9_lw_hard_full_alpaca_eval_results.json,499,3,0.006012024048096192,0.6126852191380002,0.6126750416318724,-1.0177506127861946e-05,sst_merge,0.9
A6_A7_sst_k50_a1.0_hard_full_alpaca_eval_results.json,499,3,0.006012024048096192,0.5959036202476299,0.5959043247671343,7.045195044019792e-07,sst_merge,1.0
A6_A7_sst_k50_a1.0_lw_hard_full_alpaca_eval_results.json,499,5,0.01002004008016032,0.5995488870390308,0.6004643347256361,0.0009154476866053418,sst_merge,1.0
A6_A7_sst_k5_a0.05_alpaca_eval_results.json,499,4,0.008016032064128256,0.7067414438255859,0.7076348981547765,0.0008934543291906349,sst_merge,0.05
A6_A7_sst_k5_a0.05_hard_full_alpaca_eval_results.json,499,3,0.006012024048096192,0.7062193967156657,0.7062518191008076,3.242238514189477e-05,sst_merge,0.05
A6_A7_sst_k5_a0.05_lw_hard_full_alpaca_eval_results.json,499,4,0.008016032064128256,0.7043674413536828,0.7048346455672283,0.00046720421354551345,sst_merge,0.05
A6_A7_sst_k5_a0.07_alpaca_eval_results.json,499,5,0.01002004008016032,0.7095245060727521,0.7100334192097479,0.0005089131369958588,sst_merge,0.07
A6_A7_sst_k5_a0.07_hard_full_alpaca_eval_results.json,499,5,0.01002004008016032,0.7049237618162789,0.7063535102140358,0.0014297483977568914,sst_merge,0.07
A6_A7_sst_k5_a0.07_lw_hard_full_alpaca_eval_results.json,499,4,0.008016032064128256,0.7051364715777564,0.7057573778901761,0.0006209063124197334,sst_merge,0.07
A6_A7_sst_k5_a0.09_alpaca_eval_results.json,499,5,0.01002004008016032,0.7006158042821629,0.7017276209778133,0.0011118166956504139,sst_merge,0.09
A6_A7_sst_k5_a0.09_hard_full_alpaca_eval_results.json,499,5,0.01002004008016032,0.7059739318506181,0.7068213021791565,0.0008473703285384326,sst_merge,0.09
A6_A7_sst_k5_a0.09_lw_hard_full_alpaca_eval_results.json,499,3,0.006012024048096192,0.7022637037723225,0.7022469529492504,-1.675082307206477e-05,sst_merge,0.09
A6_A7_sst_k5_a0.12_alpaca_eval_results.json,499,5,0.01002004008016032,0.6989593550749401,0.6995011162026527,0.0005417611277125367,sst_merge,0.12
A6_A7_sst_k5_a0.12_hard_full_alpaca_eval_results.json,499,4,0.008016032064128256,0.6986499141843849,0.6993189324043982,0.0006690182200133066,sst_merge,0.12
A6_A7_sst_k5_a0.12_lw_hard_full_alpaca_eval_results.json,499,4,0.008016032064128256,0.6992462991999339,0.6994231154066975,0.0001768162067636858,sst_merge,0.12
A6_A7_sst_k5_a0.15_alpaca_eval_results.json,499,5,0.01002004008016032,0.6954326826020476,0.6961790558046018,0.000746373202554218,sst_merge,0.15
A6_A7_sst_k5_a0.15_hard_full_alpaca_eval_results.json,499,4,0.008016032064128256,0.694738696135393,0.6951956509066888,0.0004569547712958144,sst_merge,0.15
A6_A7_sst_k5_a0.15_lw_hard_full_alpaca_eval_results.json,499,7,0.014028056112224449,0.6948521909774421,0.6969673329332867,0.0021151419558446127,sst_merge,0.15
A6_A7_sst_k5_a0.1_alpaca_eval_results.json,499,4,0.008016032064128256,0.704242358094302,0.704813809785499,0.0005714516911969891,sst_merge,0.1
A6_A7_sst_k5_a0.1_hard_full_alpaca_eval_results.json,499,3,0.006012024048096192,0.7010897414402948,0.7010271816148963,-6.255982539848937e-05,sst_merge,0.1
A6_A7_sst_k5_a0.1_lw_hard_full_alpaca_eval_results.json,499,5,0.01002004008016032,0.6984350277380988,0.6992625613248601,0.0008275335867612421,sst_merge,0.1
A6_A7_sst_k5_a0.2_alpaca_eval_results.json,499,6,0.012024048096192385,0.6881863239152859,0.6881823891326848,-3.934782601078268e-06,sst_merge,0.2
A6_A7_sst_k5_a0.2_hard_full_alpaca_eval_results.json,499,3,0.006012024048096192,0.691397919621264,0.6914637455108138,6.582588954984203e-05,sst_merge,0.2
A6_A7_sst_k5_a0.2_lw_hard_full_alpaca_eval_results.json,499,7,0.014028056112224449,0.6915554606588393,0.6925323684611991,0.0009769078023598166,sst_merge,0.2
A6_A7_sst_k5_a0.3_alpaca_eval_results.json,499,7,0.014028056112224449,0.6780549731069151,0.6796808231263526,0.0016258500194374914,sst_merge,0.3
A6_A7_sst_k5_a0.3_hard_full_alpaca_eval_results.json,499,6,0.012024048096192385,0.6765932800332277,0.6781286680195325,0.0015353879863048148,sst_merge,0.3
A6_A7_sst_k5_a0.3_lw_hard_full_alpaca_eval_results.json,499,4,0.008016032064128256,0.6786310552303546,0.6786779629367777,4.690770642312714e-05,sst_merge,0.3
A6_A7_sst_k5_a0.4_alpaca_eval_results.json,499,6,0.012024048096192385,0.6625797024979583,0.6632626077148387,0.0006829052168804139,sst_merge,0.4
A6_A7_sst_k5_a0.4_hard_full_alpaca_eval_results.json,499,5,0.01002004008016032,0.6614040287026236,0.661585064420277,0.00018103571765337723,sst_merge,0.4
A6_A7_sst_k5_a0.4_lw_hard_full_alpaca_eval_results.json,499,8,0.01603206412825651,0.660749064507447,0.6616452399223213,0.0008961754148743006,sst_merge,0.4
A6_A7_sst_k5_a0.5_alpaca_eval_results.json,499,6,0.012024048096192385,0.641842604758729,0.6424045606675894,0.0005619559088604342,sst_merge,0.5
A6_A7_sst_k5_a0.5_hard_full_alpaca_eval_results.json,499,7,0.014028056112224449,0.64466187734401,0.6451740727907341,0.0005121954467240952,sst_merge,0.5
A6_A7_sst_k5_a0.5_lw_hard_full_alpaca_eval_results.json,499,4,0.008016032064128256,0.6417463294891306,0.6417954245261595,4.909503702887896e-05,sst_merge,0.5
A6_A7_sst_k5_a0.6_alpaca_eval_results.json,499,8,0.01603206412825651,0.6243793117591726,0.6250108492528548,0.000631537493682166,sst_merge,0.6
A6_A7_sst_k5_a0.6_hard_full_alpaca_eval_results.json,499,4,0.008016032064128256,0.6245054896743505,0.624823422403729,0.0003179327293785228,sst_merge,0.6
A6_A7_sst_k5_a0.6_lw_hard_full_alpaca_eval_results.json,499,5,0.01002004008016032,0.6270780875455598,0.6282712782721663,0.0011931907266065078,sst_merge,0.6
A6_A7_sst_k5_a0.7_alpaca_eval_results.json,499,4,0.008016032064128256,0.6262233367445692,0.6262757608067282,5.242406215899553e-05,sst_merge,0.7
A6_A7_sst_k5_a0.7_hard_full_alpaca_eval_results.json,499,4,0.008016032064128256,0.6256111029601791,0.62591437958533,0.00030327662515095,sst_merge,0.7
A6_A7_sst_k5_a0.7_lw_hard_full_alpaca_eval_results.json,499,4,0.008016032064128256,0.6185428478854533,0.6188140466801451,0.00027119879469172936,sst_merge,0.7
A6_A7_sst_k5_a0.8_alpaca_eval_results.json,499,5,0.01002004008016032,0.6194740963004784,0.6196553097554435,0.0001812134549650235,sst_merge,0.8
A6_A7_sst_k5_a0.8_hard_full_alpaca_eval_results.json,499,6,0.012024048096192385,0.620220665271364,0.6209226963147293,0.0007020310433653032,sst_merge,0.8
A6_A7_sst_k5_a0.8_lw_hard_full_alpaca_eval_results.json,499,3,0.006012024048096192,0.617236023562521,0.6168002391428244,-0.0004357844196966054,sst_merge,0.8
A6_A7_sst_k5_a0.9_alpaca_eval_results.json,499,7,0.014028056112224449,0.6087743034152941,0.6094339903034596,0.0006596868881654228,sst_merge,0.9
A6_A7_sst_k5_a0.9_hard_full_alpaca_eval_results.json,499,5,0.01002004008016032,0.6150367135520748,0.6153931985880098,0.0003564850359349947,sst_merge,0.9
A6_A7_sst_k5_a0.9_lw_hard_full_alpaca_eval_results.json,499,4,0.008016032064128256,0.6070951426284007,0.6066881098317376,-0.0004070327966630982,sst_merge,0.9
A6_A7_sst_k5_a1.0_alpaca_eval_results.json,499,7,0.014028056112224449,0.5993868254162391,0.6000193535550253,0.0006325281387862258,sst_merge,1.0
A6_A7_sst_k5_a1.0_hard_full_alpaca_eval_results.json,499,6,0.012024048096192385,0.6000513662241822,0.6004753055319044,0.0004239393077222209,sst_merge,1.0
A6_A7_sst_k5_a1.0_lw_hard_full_alpaca_eval_results.json,499,4,0.008016032064128256,0.5984105902907885,0.5979887513843626,-0.0004218389064258865,sst_merge,1.0
A6_A7_sst_k5_lw_a0.05_alpaca_eval_results.json,499,5,0.01002004008016032,0.707836488462218,0.708741310660295,0.0009048221980769711,sst_merge,0.05
A6_A7_sst_k5_lw_a0.07_alpaca_eval_results.json,499,3,0.006012024048096192,0.7039743597147522,0.7042273396872453,0.0002529799724930726,sst_merge,0.07
A6_A7_sst_k5_lw_a0.09_alpaca_eval_results.json,499,4,0.008016032064128256,0.699992003363917,0.7002263055962525,0.00023430223233555925,sst_merge,0.09
A6_A7_sst_k5_lw_a0.12_alpaca_eval_results.json,499,5,0.01002004008016032,0.6973562036417587,0.6980209443676813,0.0006647407259225968,sst_merge,0.12
A6_A7_sst_k5_lw_a0.15_alpaca_eval_results.json,499,3,0.006012024048096192,0.6934412782806649,0.6936490426104417,0.00020776432977676063,sst_merge,0.15
A6_A7_sst_k5_lw_a0.1_alpaca_eval_results.json,499,6,0.012024048096192385,0.6988155154013705,0.7001189194250972,0.0013034040237266398,sst_merge,0.1
A6_A7_sst_k5_lw_a0.2_alpaca_eval_results.json,499,5,0.01002004008016032,0.6905744470289301,0.6911019522954324,0.0005275052665022484,sst_merge,0.2
A6_A7_sst_k5_lw_a0.3_alpaca_eval_results.json,499,7,0.014028056112224449,0.679417973782536,0.6810067519124411,0.0015887781299050996,sst_merge,0.3
A6_A7_sst_k5_lw_a0.4_alpaca_eval_results.json,499,5,0.01002004008016032,0.6586102403473969,0.6589446472876841,0.00033440694028719076,sst_merge,0.4
A6_A7_sst_k5_lw_a0.5_alpaca_eval_results.json,499,6,0.012024048096192385,0.6439065939148243,0.6439914629151264,8.486900030213462e-05,sst_merge,0.5
A6_A7_sst_k5_lw_a0.6_alpaca_eval_results.json,499,7,0.014028056112224449,0.6275865258037683,0.628391496535204,0.0008049707314357057,sst_merge,0.6
A6_A7_sst_k5_lw_a0.7_alpaca_eval_results.json,499,5,0.01002004008016032,0.62535189066646,0.6254461129325003,9.422226604027806e-05,sst_merge,0.7
A6_A7_sst_k5_lw_a0.8_alpaca_eval_results.json,499,5,0.01002004008016032,0.6245210004784537,0.6249008335151268,0.0003798330366731051,sst_merge,0.8
A6_A7_sst_k5_lw_a0.9_alpaca_eval_results.json,499,6,0.012024048096192385,0.6082711589336371,0.6091731322131076,0.0009019732794705027,sst_merge,0.9
A6_A7_sst_k5_lw_a1.0_alpaca_eval_results.json,499,4,0.008016032064128256,0.593546346095457,0.5932426881548322,-0.000303657940624813,sst_merge,1.0
A6_A7_sst_k5_nogevp_a1.0_alpaca_eval_results.json,499,4,0.008016032064128256,0.5582804777475916,0.5580538808297127,-0.00022659691787885183,sst_merge,1.0
A6_A7_task_arithmetic_a0.05_alpaca_eval_results.json,499,4,0.008016032064128256,0.7115446319285939,0.7121446986534005,0.0006000667248066138,task_arithmetic,0.05
A6_A7_task_arithmetic_a0.07_alpaca_eval_results.json,499,4,0.008016032064128256,0.7084167967241877,0.7091908757445384,0.0007740790203507597,task_arithmetic,0.07
A6_A7_task_arithmetic_a0.09_alpaca_eval_results.json,499,4,0.008016032064128256,0.6944651761614563,0.6945743343734564,0.00010915821200008224,task_arithmetic,0.09
A6_A7_task_arithmetic_a0.12_alpaca_eval_results.json,499,3,0.006012024048096192,0.6800723952966027,0.6797121409961723,-0.00036025430043040707,task_arithmetic,0.12
A6_A7_task_arithmetic_a0.15_alpaca_eval_results.json,499,4,0.008016032064128256,0.6652579754323618,0.6655583152068695,0.00030033977450771854,task_arithmetic,0.15
A6_A7_task_arithmetic_a0.1_alpaca_eval_results.json,499,3,0.006012024048096192,0.6901965572347567,0.6902469199110978,5.036267634106473e-05,task_arithmetic,0.1
A6_A7_task_arithmetic_a0.2_alpaca_eval_results.json,499,3,0.006012024048096192,0.6337324295491137,0.6332990260715199,-0.0004334034775937967,task_arithmetic,0.2
A6_A7_task_arithmetic_a0.3_alpaca_eval_results.json,499,2,0.004008016032064128,0.5777521685720519,0.5775527609424063,-0.00019940762964565373,task_arithmetic,0.3
A6_A7_task_arithmetic_a0.4_alpaca_eval_results.json,499,4,0.008016032064128256,0.5244399995427331,0.5240887888355106,-0.000351210707222549,task_arithmetic,0.4
A6_A7_task_arithmetic_a0.5_alpaca_eval_results.json,499,5,0.01002004008016032,0.46598927075672464,0.4661720753561005,0.00018280459937586313,task_arithmetic,0.5
A6_A7_task_arithmetic_a0.6_alpaca_eval_results.json,499,8,0.01603206412825651,0.41067080117510024,0.41159321603767934,0.0009224148625791018,task_arithmetic,0.6
A6_A7_task_arithmetic_a0.7_alpaca_eval_results.json,499,7,0.014028056112224449,0.36415393953633507,0.36586152537488204,0.0017075858385469656,task_arithmetic,0.7
A6_A7_task_arithmetic_a0.8_alpaca_eval_results.json,499,15,0.03006012024048096,0.3249824808693654,0.3297555258162991,0.004773044946933702,task_arithmetic,0.8
A6_A7_task_arithmetic_a0.9_alpaca_eval_results.json,499,23,0.04609218436873747,0.2957249798872285,0.3025295463239711,0.006804566436742598,task_arithmetic,0.9
A6_A7_task_arithmetic_a1.0_alpaca_eval_results.json,499,39,0.0781563126252505,0.26933488024360114,0.28347527901281816,0.014140398769217022,task_arithmetic,1.0
A6_A7_task_arithmetic_alpaca_eval_results.json,499,4,0.008016032064128256,0.5466002884941675,0.5466450119106887,4.4723416521175174e-05,task_arithmetic,1.0
A6_A7_ties_a0.05_alpaca_eval_results.json,499,3,0.006012024048096192,0.6021792149461395,0.6020244599524199,-0.00015475499371953028,ties,0.05
A6_A7_ties_a0.07_alpaca_eval_results.json,499,3,0.006012024048096192,0.6001379713692082,0.6001567798945469,1.8808525338642745e-05,ties,0.07
A6_A7_ties_a0.09_alpaca_eval_results.json,499,2,0.004008016032064128,0.5973313692575736,0.5970916703341669,-0.00023969892340669485,ties,0.09
A6_A7_ties_a0.12_alpaca_eval_results.json,499,4,0.008016032064128256,0.5795476376656583,0.5797487294454025,0.00020109177974414472,ties,0.12
A6_A7_ties_a0.15_alpaca_eval_results.json,499,5,0.01002004008016032,0.5648599212318037,0.5656548743677654,0.0007949531359616735,ties,0.15
A6_A7_ties_a0.1_alpaca_eval_results.json,499,4,0.008016032064128256,0.5856444804208932,0.5859276082178392,0.0002831277969459478,ties,0.1
A6_A7_ties_a0.2_alpaca_eval_results.json,499,4,0.008016032064128256,0.5528291855405438,0.552784648111903,-4.453742864085619e-05,ties,0.2
A6_A7_ties_a0.3_alpaca_eval_results.json,499,5,0.01002004008016032,0.5162357617646701,0.516318342418329,8.258065365884804e-05,ties,0.3
A6_A7_ties_a0.4_alpaca_eval_results.json,499,6,0.012024048096192385,0.4669150080936946,0.4670093298482214,9.432175452683822e-05,ties,0.4
A6_A7_ties_a0.5_alpaca_eval_results.json,499,10,0.02004008016032064,0.4192915985301528,0.42031673095516364,0.001025132425010844,ties,0.5
A6_A7_ties_a0.6_alpaca_eval_results.json,499,6,0.012024048096192385,0.3972916375039085,0.39812121808100737,0.0008295805770988651,ties,0.6
A6_A7_ties_a0.7_alpaca_eval_results.json,499,6,0.012024048096192385,0.36510731336044716,0.3661922742495164,0.0010849608890692308,ties,0.7
A6_A7_ties_a0.8_alpaca_eval_results.json,499,10,0.02004008016032064,0.3328246475460439,0.33545878595608136,0.0026341384100374565,ties,0.8
A6_A7_ties_a0.9_alpaca_eval_results.json,499,13,0.026052104208416832,0.3089606169445331,0.31134333034592543,0.0023827134013923446,ties,0.9
A6_A7_ties_a1.0_alpaca_eval_results.json,499,16,0.03206412825651302,0.3058729285876831,0.3087853187708474,0.002912390183164304,ties,1.0
A6_A7_ties_alpaca_eval_results.json,499,4,0.008016032064128256,0.6729589799773756,0.6720945200383169,-0.0008644599390587038,ties,1.0
